[WRN][1731024482.3540441990] /home/arrowboy/antigen.zsh:266
[WRN][1731024482.3540441990] -antigen-interactive-mode: file:file:shfunc:shfunc $_ANTIGEN_INTERACTIVE = 
[WRN][1731024482.3542509079] /home/arrowboy/antigen.zsh:1572
[WRN][1731024482.3542509079] -antigen-lock-init return code was 0
[LOG][1731024482.3542852402] /home/arrowboy/antigen.zsh:1574
[LOG][1731024482.3542852402] LOADED EXTENSION lock EXT
[WRN][1731024482.3551068306] /home/arrowboy/antigen.zsh:1684
[WRN][1731024482.3551068306] Init parallel extension PARALLEL
[WRN][1731024482.3551602364] /home/arrowboy/antigen.zsh:266
[WRN][1731024482.3551602364] -antigen-interactive-mode: file:file:shfunc:shfunc:shfunc:eval:shfunc:shfunc $_ANTIGEN_INTERACTIVE = 
[WRN][1731024482.3552005291] /home/arrowboy/antigen.zsh:1572
[WRN][1731024482.3552005291] -antigen-parallel-init return code was 0
[LOG][1731024482.3552255630] /home/arrowboy/antigen.zsh:1574
[LOG][1731024482.3552255630] LOADED EXTENSION parallel EXT
[WRN][1731024482.3552517891] /home/arrowboy/antigen.zsh:1692
[WRN][1731024482.3552517891] Exec parallel extension PARALLEL
[WRN][1731024482.3553657532] /home/arrowboy/antigen.zsh:266
[WRN][1731024482.3553657532] -antigen-interactive-mode: file:file:shfunc:shfunc:shfunc:eval:shfunc:shfunc $_ANTIGEN_INTERACTIVE = 
[WRN][1731024482.3554024696] /home/arrowboy/antigen.zsh:1572
[WRN][1731024482.3554024696] -antigen-defer-init return code was 0
[LOG][1731024482.3554251194] /home/arrowboy/antigen.zsh:1574
[LOG][1731024482.3554251194] LOADED EXTENSION defer EXT
[WRN][1731024482.3561432362] /home/arrowboy/antigen.zsh:266
[WRN][1731024482.3561432362] -antigen-interactive-mode: file:file:shfunc:shfunc:shfunc:eval:shfunc:shfunc $_ANTIGEN_INTERACTIVE = 
[WRN][1731024482.3562443256] /home/arrowboy/antigen.zsh:1572
[WRN][1731024482.3562443256] -antigen-cache-init return code was 0
[LOG][1731024482.3562715054] /home/arrowboy/antigen.zsh:1574
[LOG][1731024482.3562715054] LOADED EXTENSION cache EXT
[WRN][1731024482.3573627472] /home/arrowboy/antigen.zsh:1469
[WRN][1731024482.3573627472] Updated meta: target antigen mode once type pre called 1
[WRN][1731024482.3574018478] /home/arrowboy/antigen.zsh:1484
[WRN][1731024482.3574018478] Processing hooks: antigen-lock
[WRN][1731024482.3574266434] /home/arrowboy/antigen.zsh:1487
[WRN][1731024482.3574266434] Pre hook: antigen-lock use oh-my-zsh
[LOG][1731024482.3574528694] /home/arrowboy/antigen.zsh:1658
[LOG][1731024482.3574528694] antigen-lock called
[WRN][1731024482.3574812412] /home/arrowboy/antigen.zsh:1669
[WRN][1731024482.3574812412] Creating antigen-lock file at /home/arrowboy/.antigen/.lock
[WRN][1731024482.3589048386] /home/arrowboy/antigen.zsh:1505
[WRN][1731024482.3589048386] -antigen-hook-antigen use oh-my-zsh
[WRN][1731024482.3601610661] /home/arrowboy/antigen.zsh:1469
[WRN][1731024482.3601610661] Updated meta: target antigen-bundle mode repeat type replace called 1
[WRN][1731024482.3602216244] /home/arrowboy/antigen.zsh:1469
[WRN][1731024482.3602216244] Updated meta: target antigen-bundle mode repeat type pre called 1
[WRN][1731024482.3602511883] /home/arrowboy/antigen.zsh:1484
[WRN][1731024482.3602511883] Processing hooks: antigen-bundle-defer antigen-bundle-cached
[WRN][1731024482.3602762222] /home/arrowboy/antigen.zsh:1487
[WRN][1731024482.3602762222] Pre hook: antigen-bundle-cached --loc=lib
[WRN][1731024482.3603188992] /home/arrowboy/antigen.zsh:1498
[WRN][1731024482.3603188992] Replace hook: antigen-bundle-defer --loc=lib
[WRN][1731024482.3603556156] /home/arrowboy/antigen.zsh:1500
[WRN][1731024482.3603556156] antigen-bundle-defer shortcircuited
[LOG][1731024482.3604197502] /home/arrowboy/antigen.zsh:1518
[LOG][1731024482.3604197502] Return from hook antigen with 0
[WRN][1731024482.3604934216] /home/arrowboy/antigen.zsh:1462
[WRN][1731024482.3604934216] Ignoring hook due to mode once: antigen-lock
[WRN][1731024482.3605196476] /home/arrowboy/antigen.zsh:1484
[WRN][1731024482.3605196476] Processing hooks: antigen-lock
[WRN][1731024482.3605444431] /home/arrowboy/antigen.zsh:1505
[WRN][1731024482.3605444431] -antigen-hook-antigen bundle git
[WRN][1731024482.3606181145] /home/arrowboy/antigen.zsh:1469
[WRN][1731024482.3606181145] Updated meta: target antigen-bundle mode repeat type replace called 2
[WRN][1731024482.3606548309] /home/arrowboy/antigen.zsh:1469
[WRN][1731024482.3606548309] Updated meta: target antigen-bundle mode repeat type pre called 2
[WRN][1731024482.3606810570] /home/arrowboy/antigen.zsh:1484
[WRN][1731024482.3606810570] Processing hooks: antigen-bundle-defer antigen-bundle-cached
[WRN][1731024482.3607034683] /home/arrowboy/antigen.zsh:1487
[WRN][1731024482.3607034683] Pre hook: antigen-bundle-cached git
[WRN][1731024482.3607392311] /home/arrowboy/antigen.zsh:1498
[WRN][1731024482.3607392311] Replace hook: antigen-bundle-defer git
[WRN][1731024482.3607711792] /home/arrowboy/antigen.zsh:1500
[WRN][1731024482.3607711792] antigen-bundle-defer shortcircuited
[LOG][1731024482.3608117104] /home/arrowboy/antigen.zsh:1518
[LOG][1731024482.3608117104] Return from hook antigen with 0
[WRN][1731024482.3608686924] /home/arrowboy/antigen.zsh:1462
[WRN][1731024482.3608686924] Ignoring hook due to mode once: antigen-lock
[WRN][1731024482.3608922958] /home/arrowboy/antigen.zsh:1484
[WRN][1731024482.3608922958] Processing hooks: antigen-lock
[WRN][1731024482.3609209061] /home/arrowboy/antigen.zsh:1505
[WRN][1731024482.3609209061] -antigen-hook-antigen bundle pip
[WRN][1731024482.3609778881] /home/arrowboy/antigen.zsh:1469
[WRN][1731024482.3609778881] Updated meta: target antigen-bundle mode repeat type replace called 3
[WRN][1731024482.3610110283] /home/arrowboy/antigen.zsh:1469
[WRN][1731024482.3610110283] Updated meta: target antigen-bundle mode repeat type pre called 3
[WRN][1731024482.3610360622] /home/arrowboy/antigen.zsh:1484
[WRN][1731024482.3610360622] Processing hooks: antigen-bundle-defer antigen-bundle-cached
[WRN][1731024482.3610572815] /home/arrowboy/antigen.zsh:1487
[WRN][1731024482.3610572815] Pre hook: antigen-bundle-cached pip
[WRN][1731024482.3610918522] /home/arrowboy/antigen.zsh:1498
[WRN][1731024482.3610918522] Replace hook: antigen-bundle-defer pip
[WRN][1731024482.3611321449] /home/arrowboy/antigen.zsh:1500
[WRN][1731024482.3611321449] antigen-bundle-defer shortcircuited
[LOG][1731024482.3611736298] /home/arrowboy/antigen.zsh:1518
[LOG][1731024482.3611736298] Return from hook antigen with 0
[WRN][1731024482.3612294197] /home/arrowboy/antigen.zsh:1462
[WRN][1731024482.3612294197] Ignoring hook due to mode once: antigen-lock
[WRN][1731024482.3612520695] /home/arrowboy/antigen.zsh:1484
[WRN][1731024482.3612520695] Processing hooks: antigen-lock
[WRN][1731024482.3612771034] /home/arrowboy/antigen.zsh:1505
[WRN][1731024482.3612771034] -antigen-hook-antigen bundle command-not-found
[WRN][1731024482.3613328934] /home/arrowboy/antigen.zsh:1469
[WRN][1731024482.3613328934] Updated meta: target antigen-bundle mode repeat type replace called 4
[WRN][1731024482.3613660336] /home/arrowboy/antigen.zsh:1469
[WRN][1731024482.3613660336] Updated meta: target antigen-bundle mode repeat type pre called 4
[WRN][1731024482.3613910675] /home/arrowboy/antigen.zsh:1484
[WRN][1731024482.3613910675] Processing hooks: antigen-bundle-defer antigen-bundle-cached
[WRN][1731024482.3614122868] /home/arrowboy/antigen.zsh:1487
[WRN][1731024482.3614122868] Pre hook: antigen-bundle-cached command-not-found
[WRN][1731024482.3614468575] /home/arrowboy/antigen.zsh:1498
[WRN][1731024482.3614468575] Replace hook: antigen-bundle-defer command-not-found
[WRN][1731024482.3614776134] /home/arrowboy/antigen.zsh:1500
[WRN][1731024482.3614776134] antigen-bundle-defer shortcircuited
[LOG][1731024482.3615181446] /home/arrowboy/antigen.zsh:1518
[LOG][1731024482.3615181446] Return from hook antigen with 0
[WRN][1731024482.3615715504] /home/arrowboy/antigen.zsh:1462
[WRN][1731024482.3615715504] Ignoring hook due to mode once: antigen-lock
[WRN][1731024482.3615939617] /home/arrowboy/antigen.zsh:1484
[WRN][1731024482.3615939617] Processing hooks: antigen-lock
[WRN][1731024482.3616178036] /home/arrowboy/antigen.zsh:1505
[WRN][1731024482.3616178036] -antigen-hook-antigen bundle dnf
[WRN][1731024482.3616783619] /home/arrowboy/antigen.zsh:1469
[WRN][1731024482.3616783619] Updated meta: target antigen-bundle mode repeat type replace called 5
[WRN][1731024482.3617126942] /home/arrowboy/antigen.zsh:1469
[WRN][1731024482.3617126942] Updated meta: target antigen-bundle mode repeat type pre called 5
[WRN][1731024482.3617365360] /home/arrowboy/antigen.zsh:1484
[WRN][1731024482.3617365360] Processing hooks: antigen-bundle-defer antigen-bundle-cached
[WRN][1731024482.3617577553] /home/arrowboy/antigen.zsh:1487
[WRN][1731024482.3617577553] Pre hook: antigen-bundle-cached dnf
[WRN][1731024482.3617923260] /home/arrowboy/antigen.zsh:1498
[WRN][1731024482.3617923260] Replace hook: antigen-bundle-defer dnf
[WRN][1731024482.3618242741] /home/arrowboy/antigen.zsh:1500
[WRN][1731024482.3618242741] antigen-bundle-defer shortcircuited
[LOG][1731024482.3618648052] /home/arrowboy/antigen.zsh:1518
[LOG][1731024482.3618648052] Return from hook antigen with 0
[WRN][1731024482.3619194031] /home/arrowboy/antigen.zsh:1462
[WRN][1731024482.3619194031] Ignoring hook due to mode once: antigen-lock
[WRN][1731024482.3619430065] /home/arrowboy/antigen.zsh:1484
[WRN][1731024482.3619430065] Processing hooks: antigen-lock
[WRN][1731024482.3619668484] /home/arrowboy/antigen.zsh:1505
[WRN][1731024482.3619668484] -antigen-hook-antigen bundle autosuggestions
[WRN][1731024482.3620226383] /home/arrowboy/antigen.zsh:1469
[WRN][1731024482.3620226383] Updated meta: target antigen-bundle mode repeat type replace called 6
[WRN][1731024482.3620557785] /home/arrowboy/antigen.zsh:1469
[WRN][1731024482.3620557785] Updated meta: target antigen-bundle mode repeat type pre called 6
[WRN][1731024482.3620808125] /home/arrowboy/antigen.zsh:1484
[WRN][1731024482.3620808125] Processing hooks: antigen-bundle-defer antigen-bundle-cached
[WRN][1731024482.3621022701] /home/arrowboy/antigen.zsh:1487
[WRN][1731024482.3621022701] Pre hook: antigen-bundle-cached autosuggestions
[WRN][1731024482.3621509075] /home/arrowboy/antigen.zsh:1498
[WRN][1731024482.3621509075] Replace hook: antigen-bundle-defer autosuggestions
[WRN][1731024482.3621840477] /home/arrowboy/antigen.zsh:1500
[WRN][1731024482.3621840477] antigen-bundle-defer shortcircuited
[LOG][1731024482.3622219563] /home/arrowboy/antigen.zsh:1518
[LOG][1731024482.3622219563] Return from hook antigen with 0
[WRN][1731024482.3622779846] /home/arrowboy/antigen.zsh:1462
[WRN][1731024482.3622779846] Ignoring hook due to mode once: antigen-lock
[WRN][1731024482.3623027802] /home/arrowboy/antigen.zsh:1484
[WRN][1731024482.3623027802] Processing hooks: antigen-lock
[WRN][1731024482.3623266220] /home/arrowboy/antigen.zsh:1505
[WRN][1731024482.3623266220] -antigen-hook-antigen bundle zsh-users/zsh-syntax-highlighting
[WRN][1731024482.3623824120] /home/arrowboy/antigen.zsh:1469
[WRN][1731024482.3623824120] Updated meta: target antigen-bundle mode repeat type replace called 7
[WRN][1731024482.3624155521] /home/arrowboy/antigen.zsh:1469
[WRN][1731024482.3624155521] Updated meta: target antigen-bundle mode repeat type pre called 7
[WRN][1731024482.3624405861] /home/arrowboy/antigen.zsh:1484
[WRN][1731024482.3624405861] Processing hooks: antigen-bundle-defer antigen-bundle-cached
[WRN][1731024482.3624629974] /home/arrowboy/antigen.zsh:1487
[WRN][1731024482.3624629974] Pre hook: antigen-bundle-cached zsh-users/zsh-syntax-highlighting
[WRN][1731024482.3624975681] /home/arrowboy/antigen.zsh:1498
[WRN][1731024482.3624975681] Replace hook: antigen-bundle-defer zsh-users/zsh-syntax-highlighting
[WRN][1731024482.3625295162] /home/arrowboy/antigen.zsh:1500
[WRN][1731024482.3625295162] antigen-bundle-defer shortcircuited
[LOG][1731024482.3625676632] /home/arrowboy/antigen.zsh:1518
[LOG][1731024482.3625676632] Return from hook antigen with 0
[WRN][1731024482.3626258373] /home/arrowboy/antigen.zsh:1462
[WRN][1731024482.3626258373] Ignoring hook due to mode once: antigen-lock
[WRN][1731024482.3626494408] /home/arrowboy/antigen.zsh:1484
[WRN][1731024482.3626494408] Processing hooks: antigen-lock
[WRN][1731024482.3626732826] /home/arrowboy/antigen.zsh:1505
[WRN][1731024482.3626732826] -antigen-hook-antigen apply
[WRN][1731024482.3627374172] /home/arrowboy/antigen.zsh:1469
[WRN][1731024482.3627374172] Updated meta: target antigen-apply mode once type post called 1
[WRN][1731024482.3627717495] /home/arrowboy/antigen.zsh:1469
[WRN][1731024482.3627717495] Updated meta: target antigen-apply mode once type pre called 1
[WRN][1731024482.3628051281] /home/arrowboy/antigen.zsh:1469
[WRN][1731024482.3628051281] Updated meta: target antigen-apply mode once type replace called 1
[WRN][1731024482.3628382683] /home/arrowboy/antigen.zsh:1469
[WRN][1731024482.3628382683] Updated meta: target antigen-apply mode once type pre called 1
[WRN][1731024482.3628714085] /home/arrowboy/antigen.zsh:1469
[WRN][1731024482.3628714085] Updated meta: target antigen-apply mode once type post called 1
[WRN][1731024482.3628964424] /home/arrowboy/antigen.zsh:1484
[WRN][1731024482.3628964424] Processing hooks: antigen-apply-lock antigen-apply-parallel antigen-apply-parallel-execute antigen-apply-defer antigen-apply-cached
[WRN][1731024482.3629190922] /home/arrowboy/antigen.zsh:1487
[WRN][1731024482.3629190922] Pre hook: antigen-apply-parallel
[WRN][1731024482.3629438877] /home/arrowboy/antigen.zsh:1744
[WRN][1731024482.3629438877] Parallel pre-apply PARALLEL PRE-APPLY
[WRN][1731024482.3630044460] /home/arrowboy/antigen.zsh:1487
[WRN][1731024482.3630044460] Pre hook: antigen-apply-defer
[WRN][1731024482.3630306721] /home/arrowboy/antigen.zsh:1623
[WRN][1731024482.3630306721] Defer pre-apply DEFER PRE-APPLY
[LOG][1731024482.3630948067] /home/arrowboy/antigen.zsh:1629
[LOG][1731024482.3630948067] Processing deferred bundle: --loc=lib DEFER
[WRN][1731024482.3631646633] /home/arrowboy/antigen.zsh:1469
[WRN][1731024482.3631646633] Updated meta: target antigen-bundle mode repeat type pre called 8
[WRN][1731024482.3632040024] /home/arrowboy/antigen.zsh:1469
[WRN][1731024482.3632040024] Updated meta: target antigen-bundle mode repeat type replace called 1
[WRN][1731024482.3632299900] /home/arrowboy/antigen.zsh:1484
[WRN][1731024482.3632299900] Processing hooks: antigen-bundle-cached antigen-bundle-parallel
[WRN][1731024482.3632526398] /home/arrowboy/antigen.zsh:1487
[WRN][1731024482.3632526398] Pre hook: antigen-bundle-cached --loc=lib
[WRN][1731024482.3632881641] /home/arrowboy/antigen.zsh:1498
[WRN][1731024482.3632881641] Replace hook: antigen-bundle-parallel --loc=lib
[TRA][1731024482.3633215427] /home/arrowboy/.zshrc:1748
[TRA][1731024482.3633215427] antigen-bundle-parallel: --loc=lib PARALLEL
[TRA][1731024482.3633215427] TRACE
antigen-bundle-parallel
-antigen-hook-handler
antigen-bundle
antigen-apply-defer
-antigen-hook-handler
antigen-apply
-antigen-hook-antigen
-antigen-hook-handler
antigen
/home/arrowboy/.zshrc
[WRN][1731024482.3633558750] /home/arrowboy/antigen.zsh:1509
[WRN][1731024482.3633558750] Replaced hooked function.
[LOG][1731024482.3633785248] /home/arrowboy/antigen.zsh:1518
[LOG][1731024482.3633785248] Return from hook antigen-bundle with 0
[LOG][1731024482.3634104729] /home/arrowboy/antigen.zsh:1629
[LOG][1731024482.3634104729] Processing deferred bundle: git DEFER
[WRN][1731024482.3634591103] /home/arrowboy/antigen.zsh:1469
[WRN][1731024482.3634591103] Updated meta: target antigen-bundle mode repeat type pre called 9
[WRN][1731024482.3634924889] /home/arrowboy/antigen.zsh:1469
[WRN][1731024482.3634924889] Updated meta: target antigen-bundle mode repeat type replace called 2
[WRN][1731024482.3635172844] /home/arrowboy/antigen.zsh:1484
[WRN][1731024482.3635172844] Processing hooks: antigen-bundle-cached antigen-bundle-parallel
[WRN][1731024482.3635399342] /home/arrowboy/antigen.zsh:1487
[WRN][1731024482.3635399342] Pre hook: antigen-bundle-cached git
[WRN][1731024482.3635742664] /home/arrowboy/antigen.zsh:1498
[WRN][1731024482.3635742664] Replace hook: antigen-bundle-parallel git
[TRA][1731024482.3635993004] /home/arrowboy/.zshrc:1748
[TRA][1731024482.3635993004] antigen-bundle-parallel: git PARALLEL
[TRA][1731024482.3635993004] TRACE
antigen-bundle-parallel
-antigen-hook-handler
antigen-bundle
antigen-apply-defer
-antigen-hook-handler
antigen-apply
-antigen-hook-antigen
-antigen-hook-handler
antigen
/home/arrowboy/.zshrc
[WRN][1731024482.3636348248] /home/arrowboy/antigen.zsh:1509
[WRN][1731024482.3636348248] Replaced hooked function.
[LOG][1731024482.3636586666] /home/arrowboy/antigen.zsh:1518
[LOG][1731024482.3636586666] Return from hook antigen-bundle with 0
[LOG][1731024482.3636906147] /home/arrowboy/antigen.zsh:1629
[LOG][1731024482.3636906147] Processing deferred bundle: pip DEFER
[WRN][1731024482.3637382984] /home/arrowboy/antigen.zsh:1469
[WRN][1731024482.3637382984] Updated meta: target antigen-bundle mode repeat type pre called 10
[WRN][1731024482.3637714386] /home/arrowboy/antigen.zsh:1469
[WRN][1731024482.3637714386] Updated meta: target antigen-bundle mode repeat type replace called 3
[WRN][1731024482.3637964725] /home/arrowboy/antigen.zsh:1484
[WRN][1731024482.3637964725] Processing hooks: antigen-bundle-cached antigen-bundle-parallel
[WRN][1731024482.3638176918] /home/arrowboy/antigen.zsh:1487
[WRN][1731024482.3638176918] Pre hook: antigen-bundle-cached pip
[WRN][1731024482.3638522625] /home/arrowboy/antigen.zsh:1498
[WRN][1731024482.3638522625] Replace hook: antigen-bundle-parallel pip
[TRA][1731024482.3638770580] /home/arrowboy/.zshrc:1748
[TRA][1731024482.3638770580] antigen-bundle-parallel: pip PARALLEL
[TRA][1731024482.3638770580] TRACE
antigen-bundle-parallel
-antigen-hook-handler
antigen-bundle
antigen-apply-defer
-antigen-hook-handler
antigen-apply
-antigen-hook-antigen
-antigen-hook-handler
antigen
/home/arrowboy/.zshrc
[WRN][1731024482.3639080524] /home/arrowboy/antigen.zsh:1509
[WRN][1731024482.3639080524] Replaced hooked function.
[LOG][1731024482.3639304638] /home/arrowboy/antigen.zsh:1518
[LOG][1731024482.3639304638] Return from hook antigen-bundle with 0
[LOG][1731024482.3639614582] /home/arrowboy/antigen.zsh:1629
[LOG][1731024482.3639614582] Processing deferred bundle: command-not-found DEFER
[WRN][1731024482.3640089035] /home/arrowboy/antigen.zsh:1469
[WRN][1731024482.3640089035] Updated meta: target antigen-bundle mode repeat type pre called 11
[WRN][1731024482.3640420437] /home/arrowboy/antigen.zsh:1469
[WRN][1731024482.3640420437] Updated meta: target antigen-bundle mode repeat type replace called 4
[WRN][1731024482.3640670776] /home/arrowboy/antigen.zsh:1484
[WRN][1731024482.3640670776] Processing hooks: antigen-bundle-cached antigen-bundle-parallel
[WRN][1731024482.3640885353] /home/arrowboy/antigen.zsh:1487
[WRN][1731024482.3640885353] Pre hook: antigen-bundle-cached command-not-found
[WRN][1731024482.3641335964] /home/arrowboy/antigen.zsh:1498
[WRN][1731024482.3641335964] Replace hook: antigen-bundle-parallel command-not-found
[TRA][1731024482.3641607761] /home/arrowboy/.zshrc:1748
[TRA][1731024482.3641607761] antigen-bundle-parallel: command-not-found PARALLEL
[TRA][1731024482.3641607761] TRACE
antigen-bundle-parallel
-antigen-hook-handler
antigen-bundle
antigen-apply-defer
-antigen-hook-handler
antigen-apply
-antigen-hook-antigen
-antigen-hook-handler
antigen
/home/arrowboy/.zshrc
[WRN][1731024482.3641917706] /home/arrowboy/antigen.zsh:1509
[WRN][1731024482.3641917706] Replaced hooked function.
[LOG][1731024482.3642153740] /home/arrowboy/antigen.zsh:1518
[LOG][1731024482.3642153740] Return from hook antigen-bundle with 0
[LOG][1731024482.3642463684] /home/arrowboy/antigen.zsh:1629
[LOG][1731024482.3642463684] Processing deferred bundle: dnf DEFER
[WRN][1731024482.3642938137] /home/arrowboy/antigen.zsh:1469
[WRN][1731024482.3642938137] Updated meta: target antigen-bundle mode repeat type pre called 12
[WRN][1731024482.3643260002] /home/arrowboy/antigen.zsh:1469
[WRN][1731024482.3643260002] Updated meta: target antigen-bundle mode repeat type replace called 5
[WRN][1731024482.3643507957] /home/arrowboy/antigen.zsh:1484
[WRN][1731024482.3643507957] Processing hooks: antigen-bundle-cached antigen-bundle-parallel
[WRN][1731024482.3643734455] /home/arrowboy/antigen.zsh:1487
[WRN][1731024482.3643734455] Pre hook: antigen-bundle-cached dnf
[WRN][1731024482.3644065857] /home/arrowboy/antigen.zsh:1498
[WRN][1731024482.3644065857] Replace hook: antigen-bundle-parallel dnf
[TRA][1731024482.3644351959] /home/arrowboy/.zshrc:1748
[TRA][1731024482.3644351959] antigen-bundle-parallel: dnf PARALLEL
[TRA][1731024482.3644351959] TRACE
antigen-bundle-parallel
-antigen-hook-handler
antigen-bundle
antigen-apply-defer
-antigen-hook-handler
antigen-apply
-antigen-hook-antigen
-antigen-hook-handler
antigen
/home/arrowboy/.zshrc
[WRN][1731024482.3644683361] /home/arrowboy/antigen.zsh:1509
[WRN][1731024482.3644683361] Replaced hooked function.
[LOG][1731024482.3644981384] /home/arrowboy/antigen.zsh:1518
[LOG][1731024482.3644981384] Return from hook antigen-bundle with 0
[LOG][1731024482.3645408154] /home/arrowboy/antigen.zsh:1629
[LOG][1731024482.3645408154] Processing deferred bundle: autosuggestions DEFER
[WRN][1731024482.3646037579] /home/arrowboy/antigen.zsh:1469
[WRN][1731024482.3646037579] Updated meta: target antigen-bundle mode repeat type pre called 13
[WRN][1731024482.3646404743] /home/arrowboy/antigen.zsh:1469
[WRN][1731024482.3646404743] Updated meta: target antigen-bundle mode repeat type replace called 6
[WRN][1731024482.3646667004] /home/arrowboy/antigen.zsh:1484
[WRN][1731024482.3646667004] Processing hooks: antigen-bundle-cached antigen-bundle-parallel
[WRN][1731024482.3646891117] /home/arrowboy/antigen.zsh:1487
[WRN][1731024482.3646891117] Pre hook: antigen-bundle-cached autosuggestions
[WRN][1731024482.3647248745] /home/arrowboy/antigen.zsh:1498
[WRN][1731024482.3647248745] Replace hook: antigen-bundle-parallel autosuggestions
[TRA][1731024482.3647496700] /home/arrowboy/.zshrc:1748
[TRA][1731024482.3647496700] antigen-bundle-parallel: autosuggestions PARALLEL
[TRA][1731024482.3647496700] TRACE
antigen-bundle-parallel
-antigen-hook-handler
antigen-bundle
antigen-apply-defer
-antigen-hook-handler
antigen-apply
-antigen-hook-antigen
-antigen-hook-handler
antigen
/home/arrowboy/.zshrc
[WRN][1731024482.3647818565] /home/arrowboy/antigen.zsh:1509
[WRN][1731024482.3647818565] Replaced hooked function.
[LOG][1731024482.3648102283] /home/arrowboy/antigen.zsh:1518
[LOG][1731024482.3648102283] Return from hook antigen-bundle with 0
[LOG][1731024482.3648507595] /home/arrowboy/antigen.zsh:1629
[LOG][1731024482.3648507595] Processing deferred bundle: zsh-users/zsh-syntax-highlighting DEFER
[WRN][1731024482.3649029732] /home/arrowboy/antigen.zsh:1469
[WRN][1731024482.3649029732] Updated meta: target antigen-bundle mode repeat type pre called 14
[WRN][1731024482.3649361134] /home/arrowboy/antigen.zsh:1469
[WRN][1731024482.3649361134] Updated meta: target antigen-bundle mode repeat type replace called 7
[WRN][1731024482.3649611473] /home/arrowboy/antigen.zsh:1484
[WRN][1731024482.3649611473] Processing hooks: antigen-bundle-cached antigen-bundle-parallel
[WRN][1731024482.3649823666] /home/arrowboy/antigen.zsh:1487
[WRN][1731024482.3649823666] Pre hook: antigen-bundle-cached zsh-users/zsh-syntax-highlighting
[WRN][1731024482.3650193214] /home/arrowboy/antigen.zsh:1498
[WRN][1731024482.3650193214] Replace hook: antigen-bundle-parallel zsh-users/zsh-syntax-highlighting
[TRA][1731024482.3650429249] /home/arrowboy/.zshrc:1748
[TRA][1731024482.3650429249] antigen-bundle-parallel: zsh-users/zsh-syntax-highlighting PARALLEL
[TRA][1731024482.3650429249] TRACE
antigen-bundle-parallel
-antigen-hook-handler
antigen-bundle
antigen-apply-defer
-antigen-hook-handler
antigen-apply
-antigen-hook-antigen
-antigen-hook-handler
antigen
/home/arrowboy/.zshrc
[WRN][1731024482.3650751114] /home/arrowboy/antigen.zsh:1509
[WRN][1731024482.3650751114] Replaced hooked function.
[LOG][1731024482.3650963306] /home/arrowboy/antigen.zsh:1518
[LOG][1731024482.3650963306] Return from hook antigen-bundle with 0
[WRN][1731024482.3651475906] /home/arrowboy/antigen.zsh:1498
[WRN][1731024482.3651475906] Replace hook: antigen-apply-parallel-execute
[WRN][1731024482.3651759624] /home/arrowboy/antigen.zsh:1756
[WRN][1731024482.3651759624] Parallel replace-apply PARALLEL REPLACE-APPLY
[WRN][1731024482.3652353287] /home/arrowboy/antigen.zsh:1695
[WRN][1731024482.3652353287] Parallel antigen-bundle-parallel-execute PARALLEL
[WRN][1731024482.3652660847] /home/arrowboy/antigen.zsh:1699
[WRN][1731024482.3652660847] Gonna install in parallel 7 bundles. PARALLEL
[WRN][1731024482.3652899265] /home/arrowboy/antigen.zsh:1701
[WRN][1731024482.3652899265] --loc=lib git pip command-not-found dnf autosuggestions zsh-users/zsh-syntax-highlighting PARALLEL
[WRN][1731024482.3654942513] /home/arrowboy/antigen.zsh:1708
[WRN][1731024482.3654942513] Install in parallel robbyrussell/oh-my-zsh. PARALLEL
[WRN][1731024482.3659536839] /home/arrowboy/antigen.zsh:1715
[WRN][1731024482.3659536839] Bundle robbyrussell/oh-my-zsh already cloned locally. PARALLEL
[WRN][1731024482.3661019802] /home/arrowboy/antigen.zsh:1715
[WRN][1731024482.3661019802] Bundle robbyrussell/oh-my-zsh already cloned locally. PARALLEL
[WRN][1731024482.3662528992] /home/arrowboy/antigen.zsh:1715
[WRN][1731024482.3662528992] Bundle robbyrussell/oh-my-zsh already cloned locally. PARALLEL
[WRN][1731024482.3663773537] /home/arrowboy/antigen.zsh:1715
[WRN][1731024482.3663773537] Bundle robbyrussell/oh-my-zsh already cloned locally. PARALLEL
[WRN][1731024482.3665020466] /home/arrowboy/antigen.zsh:1715
[WRN][1731024482.3665020466] Bundle robbyrussell/oh-my-zsh already cloned locally. PARALLEL
[WRN][1731024482.3666362762] /home/arrowboy/antigen.zsh:1708
[WRN][1731024482.3666362762] Install in parallel zsh-users/zsh-syntax-highlighting. PARALLEL
[WRN][1731024483.9642527103] /home/arrowboy/antigen.zsh:1469
[WRN][1731024483.9642527103] Updated meta: target antigen-bundle mode repeat type pre called 15
[WRN][1731024483.9644973278] /home/arrowboy/antigen.zsh:1484
[WRN][1731024483.9644973278] Processing hooks: antigen-bundle-cached
[WRN][1731024483.9646112919] /home/arrowboy/antigen.zsh:1487
[WRN][1731024483.9646112919] Pre hook: antigen-bundle-cached --loc=lib
[WRN][1731024483.9647762775] /home/arrowboy/antigen.zsh:1505
[WRN][1731024483.9647762775] -antigen-hook-antigen-bundle --loc=lib
[TRA][1731024483.9648854733] /home/arrowboy/antigen.zsh:1438
[TRA][1731024483.9648854733] Called antigen-bundle with --loc=lib BUNDLE
[TRA][1731024483.9648854733] TRACE
-antigen-hook-antigen-bundle
-antigen-hook-handler
antigen-bundle
antigen-bundle-parallel-execute
antigen-apply-parallel-execute
-antigen-hook-handler
antigen-apply
-antigen-hook-antigen
-antigen-hook-handler
antigen
/home/arrowboy/.zshrc
[WRN][1731024483.9657058716] /home/arrowboy/antigen.zsh:1469
[WRN][1731024483.9657058716] Updated meta: target -antigen-load-env mode repeat type replace called 1
[WRN][1731024483.9657652378] /home/arrowboy/antigen.zsh:1484
[WRN][1731024483.9657652378] Processing hooks: -antigen-load-env-cached
[WRN][1731024483.9658246040] /home/arrowboy/antigen.zsh:1498
[WRN][1731024483.9658246040] Replace hook: -antigen-load-env-cached dir /home/arrowboy/.antigen/bundles/robbyrussell/oh-my-zsh btype plugin url https://github.com/robbyrussell/oh-my-zsh.git loc lib name robbyrussell/oh-my-zsh make_local_clone true
[WRN][1731024483.9659054279] /home/arrowboy/antigen.zsh:1509
[WRN][1731024483.9659054279] Replaced hooked function.
[LOG][1731024483.9659445286] /home/arrowboy/antigen.zsh:1518
[LOG][1731024483.9659445286] Return from hook -antigen-load-env with 0
[WRN][1731024483.9660823345] /home/arrowboy/antigen.zsh:1469
[WRN][1731024483.9660823345] Updated meta: target -antigen-load-source mode repeat type replace called 1
[WRN][1731024483.9661417007] /home/arrowboy/antigen.zsh:1484
[WRN][1731024483.9661417007] Processing hooks: -antigen-load-source-cached
[WRN][1731024483.9662022591] /home/arrowboy/antigen.zsh:1498
[WRN][1731024483.9662022591] Replace hook: -antigen-load-source-cached /home/arrowboy/.antigen/bundles/robbyrussell/oh-my-zsh/lib/async_prompt.zsh /home/arrowboy/.antigen/bundles/robbyrussell/oh-my-zsh/lib/bzr.zsh /home/arrowboy/.antigen/bundles/robbyrussell/oh-my-zsh/lib/clipboard.zsh /home/arrowboy/.antigen/bundles/robbyrussell/oh-my-zsh/lib/cli.zsh /home/arrowboy/.antigen/bundles/robbyrussell/oh-my-zsh/lib/compfix.zsh /home/arrowboy/.antigen/bundles/robbyrussell/oh-my-zsh/lib/completion.zsh /home/arrowboy/.antigen/bundles/robbyrussell/oh-my-zsh/lib/correction.zsh /home/arrowboy/.antigen/bundles/robbyrussell/oh-my-zsh/lib/diagnostics.zsh /home/arrowboy/.antigen/bundles/robbyrussell/oh-my-zsh/lib/directories.zsh /home/arrowboy/.antigen/bundles/robbyrussell/oh-my-zsh/lib/functions.zsh /home/arrowboy/.antigen/bundles/robbyrussell/oh-my-zsh/lib/git.zsh /home/arrowboy/.antigen/bundles/robbyrussell/oh-my-zsh/lib/grep.zsh /home/arrowboy/.antigen/bundles/robbyrussell/oh-my-zsh/lib/history.zsh /home/arrowboy/.antigen/bundles/robbyrussell/oh-my-zsh/lib/key-bindings.zsh /home/arrowboy/.antigen/bundles/robbyrussell/oh-my-zsh/lib/misc.zsh /home/arrowboy/.antigen/bundles/robbyrussell/oh-my-zsh/lib/nvm.zsh /home/arrowboy/.antigen/bundles/robbyrussell/oh-my-zsh/lib/prompt_info_functions.zsh /home/arrowboy/.antigen/bundles/robbyrussell/oh-my-zsh/lib/spectrum.zsh /home/arrowboy/.antigen/bundles/robbyrussell/oh-my-zsh/lib/termsupport.zsh /home/arrowboy/.antigen/bundles/robbyrussell/oh-my-zsh/lib/theme-and-appearance.zsh /home/arrowboy/.antigen/bundles/robbyrussell/oh-my-zsh/lib/vcs_info.zsh
[WRN][1731024483.9663102627] /home/arrowboy/antigen.zsh:1509
[WRN][1731024483.9663102627] Replaced hooked function.
[LOG][1731024483.9663481712] /home/arrowboy/antigen.zsh:1518
[LOG][1731024483.9663481712] Return from hook -antigen-load-source with 0
[LOG][1731024483.9664266109] /home/arrowboy/antigen.zsh:1518
[LOG][1731024483.9664266109] Return from hook antigen-bundle with 0
[WRN][1731024483.9665310383] /home/arrowboy/antigen.zsh:1469
[WRN][1731024483.9665310383] Updated meta: target antigen-bundle mode repeat type pre called 16
[WRN][1731024483.9665727615] /home/arrowboy/antigen.zsh:1484
[WRN][1731024483.9665727615] Processing hooks: antigen-bundle-cached
[WRN][1731024483.9666070938] /home/arrowboy/antigen.zsh:1487
[WRN][1731024483.9666070938] Pre hook: antigen-bundle-cached git
[WRN][1731024483.9666593075] /home/arrowboy/antigen.zsh:1505
[WRN][1731024483.9666593075] -antigen-hook-antigen-bundle git
[TRA][1731024483.9666972160] /home/arrowboy/antigen.zsh:1438
[TRA][1731024483.9666972160] Called antigen-bundle with git BUNDLE
[TRA][1731024483.9666972160] TRACE
-antigen-hook-antigen-bundle
-antigen-hook-handler
antigen-bundle
antigen-bundle-parallel-execute
antigen-apply-parallel-execute
-antigen-hook-handler
antigen-apply
-antigen-hook-antigen
-antigen-hook-handler
antigen
/home/arrowboy/.zshrc
[WRN][1731024483.9670736790] /home/arrowboy/antigen.zsh:1469
[WRN][1731024483.9670736790] Updated meta: target -antigen-load-env mode repeat type replace called 2
[WRN][1731024483.9671378136] /home/arrowboy/antigen.zsh:1484
[WRN][1731024483.9671378136] Processing hooks: -antigen-load-env-cached
[WRN][1731024483.9671912193] /home/arrowboy/antigen.zsh:1498
[WRN][1731024483.9671912193] Replace hook: -antigen-load-env-cached dir /home/arrowboy/.antigen/bundles/robbyrussell/oh-my-zsh btype plugin url https://github.com/robbyrussell/oh-my-zsh.git loc plugins/git name robbyrussell/oh-my-zsh make_local_clone true
[WRN][1731024483.9672648907] /home/arrowboy/antigen.zsh:1509
[WRN][1731024483.9672648907] Replaced hooked function.
[LOG][1731024483.9673016071] /home/arrowboy/antigen.zsh:1518
[LOG][1731024483.9673016071] Return from hook -antigen-load-env with 0
[WRN][1731024483.9673988819] /home/arrowboy/antigen.zsh:1469
[WRN][1731024483.9673988819] Updated meta: target -antigen-load-source mode repeat type replace called 2
[WRN][1731024483.9674394131] /home/arrowboy/antigen.zsh:1484
[WRN][1731024483.9674394131] Processing hooks: -antigen-load-source-cached
[WRN][1731024483.9674808979] /home/arrowboy/antigen.zsh:1498
[WRN][1731024483.9674808979] Replace hook: -antigen-load-source-cached /home/arrowboy/.antigen/bundles/robbyrussell/oh-my-zsh/plugins/git/git.plugin.zsh
[WRN][1731024483.9675307274] /home/arrowboy/antigen.zsh:1509
[WRN][1731024483.9675307274] Replaced hooked function.
[LOG][1731024483.9675745964] /home/arrowboy/antigen.zsh:1518
[LOG][1731024483.9675745964] Return from hook -antigen-load-source with 0
[LOG][1731024483.9676625729] /home/arrowboy/antigen.zsh:1518
[LOG][1731024483.9676625729] Return from hook antigen-bundle with 0
[WRN][1731024483.9677574635] /home/arrowboy/antigen.zsh:1469
[WRN][1731024483.9677574635] Updated meta: target antigen-bundle mode repeat type pre called 17
[WRN][1731024483.9678525925] /home/arrowboy/antigen.zsh:1484
[WRN][1731024483.9678525925] Processing hooks: antigen-bundle-cached
[WRN][1731024483.9678905010] /home/arrowboy/antigen.zsh:1487
[WRN][1731024483.9678905010] Pre hook: antigen-bundle-cached pip
[WRN][1731024483.9679439068] /home/arrowboy/antigen.zsh:1505
[WRN][1731024483.9679439068] -antigen-hook-antigen-bundle pip
[TRA][1731024483.9679830074] /home/arrowboy/antigen.zsh:1438
[TRA][1731024483.9679830074] Called antigen-bundle with pip BUNDLE
[TRA][1731024483.9679830074] TRACE
-antigen-hook-antigen-bundle
-antigen-hook-handler
antigen-bundle
antigen-bundle-parallel-execute
antigen-apply-parallel-execute
-antigen-hook-handler
antigen-apply
-antigen-hook-antigen
-antigen-hook-handler
antigen
/home/arrowboy/.zshrc
[WRN][1731024483.9684686661] /home/arrowboy/antigen.zsh:1469
[WRN][1731024483.9684686661] Updated meta: target -antigen-load-env mode repeat type replace called 3
[WRN][1731024483.9685256481] /home/arrowboy/antigen.zsh:1484
[WRN][1731024483.9685256481] Processing hooks: -antigen-load-env-cached
[WRN][1731024483.9685754776] /home/arrowboy/antigen.zsh:1498
[WRN][1731024483.9685754776] Replace hook: -antigen-load-env-cached dir /home/arrowboy/.antigen/bundles/robbyrussell/oh-my-zsh btype plugin url https://github.com/robbyrussell/oh-my-zsh.git loc plugins/pip name robbyrussell/oh-my-zsh make_local_clone true
[WRN][1731024483.9686491489] /home/arrowboy/antigen.zsh:1509
[WRN][1731024483.9686491489] Replaced hooked function.
[LOG][1731024483.9686858654] /home/arrowboy/antigen.zsh:1518
[LOG][1731024483.9686858654] Return from hook -antigen-load-env with 0
[WRN][1731024483.9687976837] /home/arrowboy/antigen.zsh:1469
[WRN][1731024483.9687976837] Updated meta: target -antigen-load-source mode repeat type replace called 3
[WRN][1731024483.9688651562] /home/arrowboy/antigen.zsh:1484
[WRN][1731024483.9688651562] Processing hooks: -antigen-load-source-cached
[WRN][1731024483.9689161777] /home/arrowboy/antigen.zsh:1498
[WRN][1731024483.9689161777] Replace hook: -antigen-load-source-cached /home/arrowboy/.antigen/bundles/robbyrussell/oh-my-zsh/plugins/pip/pip.plugin.zsh
[WRN][1731024483.9689874649] /home/arrowboy/antigen.zsh:1509
[WRN][1731024483.9689874649] Replaced hooked function.
[LOG][1731024483.9690337181] /home/arrowboy/antigen.zsh:1518
[LOG][1731024483.9690337181] Return from hook -antigen-load-source with 0
[LOG][1731024483.9691524506] /home/arrowboy/antigen.zsh:1518
[LOG][1731024483.9691524506] Return from hook antigen-bundle with 0
[WRN][1731024483.9693257809] /home/arrowboy/antigen.zsh:1469
[WRN][1731024483.9693257809] Updated meta: target antigen-bundle mode repeat type pre called 18
[WRN][1731024483.9693851471] /home/arrowboy/antigen.zsh:1484
[WRN][1731024483.9693851471] Processing hooks: antigen-bundle-cached
[WRN][1731024483.9694352150] /home/arrowboy/antigen.zsh:1487
[WRN][1731024483.9694352150] Pre hook: antigen-bundle-cached command-not-found
[WRN][1731024483.9695098400] /home/arrowboy/antigen.zsh:1505
[WRN][1731024483.9695098400] -antigen-hook-antigen-bundle command-not-found
[TRA][1731024483.9695680141] /home/arrowboy/antigen.zsh:1438
[TRA][1731024483.9695680141] Called antigen-bundle with command-not-found BUNDLE
[TRA][1731024483.9695680141] TRACE
-antigen-hook-antigen-bundle
-antigen-hook-handler
antigen-bundle
antigen-bundle-parallel-execute
antigen-apply-parallel-execute
-antigen-hook-handler
antigen-apply
-antigen-hook-antigen
-antigen-hook-handler
antigen
/home/arrowboy/.zshrc
[WRN][1731024483.9701356888] /home/arrowboy/antigen.zsh:1469
[WRN][1731024483.9701356888] Updated meta: target -antigen-load-env mode repeat type replace called 4
[WRN][1731024483.9701890945] /home/arrowboy/antigen.zsh:1484
[WRN][1731024483.9701890945] Processing hooks: -antigen-load-env-cached
[WRN][1731024483.9702472687] /home/arrowboy/antigen.zsh:1498
[WRN][1731024483.9702472687] Replace hook: -antigen-load-env-cached dir /home/arrowboy/.antigen/bundles/robbyrussell/oh-my-zsh btype plugin url https://github.com/robbyrussell/oh-my-zsh.git loc plugins/command-not-found name robbyrussell/oh-my-zsh make_local_clone true
[WRN][1731024483.9703173637] /home/arrowboy/antigen.zsh:1509
[WRN][1731024483.9703173637] Replaced hooked function.
[LOG][1731024483.9703528881] /home/arrowboy/antigen.zsh:1518
[LOG][1731024483.9703528881] Return from hook -antigen-load-env with 0
[WRN][1731024483.9704453945] /home/arrowboy/antigen.zsh:1469
[WRN][1731024483.9704453945] Updated meta: target -antigen-load-source mode repeat type replace called 4
[WRN][1731024483.9704835415] /home/arrowboy/antigen.zsh:1484
[WRN][1731024483.9704835415] Processing hooks: -antigen-load-source-cached
[WRN][1731024483.9705214500] /home/arrowboy/antigen.zsh:1498
[WRN][1731024483.9705214500] Replace hook: -antigen-load-source-cached /home/arrowboy/.antigen/bundles/robbyrussell/oh-my-zsh/plugins/command-not-found/command-not-found.plugin.zsh
[WRN][1731024483.9705712795] /home/arrowboy/antigen.zsh:1509
[WRN][1731024483.9705712795] Replaced hooked function.
[LOG][1731024483.9706034660] /home/arrowboy/antigen.zsh:1518
[LOG][1731024483.9706034660] Return from hook -antigen-load-source with 0
[LOG][1731024483.9706687927] /home/arrowboy/antigen.zsh:1518
[LOG][1731024483.9706687927] Return from hook antigen-bundle with 0
[WRN][1731024483.9707589149] /home/arrowboy/antigen.zsh:1469
[WRN][1731024483.9707589149] Updated meta: target antigen-bundle mode repeat type pre called 19
[WRN][1731024483.9707956314] /home/arrowboy/antigen.zsh:1484
[WRN][1731024483.9707956314] Processing hooks: antigen-bundle-cached
[WRN][1731024483.9708266258] /home/arrowboy/antigen.zsh:1487
[WRN][1731024483.9708266258] Pre hook: antigen-bundle-cached dnf
[WRN][1731024483.9708740711] /home/arrowboy/antigen.zsh:1505
[WRN][1731024483.9708740711] -antigen-hook-antigen-bundle dnf
[TRA][1731024483.9709095955] /home/arrowboy/antigen.zsh:1438
[TRA][1731024483.9709095955] Called antigen-bundle with dnf BUNDLE
[TRA][1731024483.9709095955] TRACE
-antigen-hook-antigen-bundle
-antigen-hook-handler
antigen-bundle
antigen-bundle-parallel-execute
antigen-apply-parallel-execute
-antigen-hook-handler
antigen-apply
-antigen-hook-antigen
-antigen-hook-handler
antigen
/home/arrowboy/.zshrc
[WRN][1731024483.9712586403] /home/arrowboy/antigen.zsh:1469
[WRN][1731024483.9712586403] Updated meta: target -antigen-load-env mode repeat type replace called 5
[WRN][1731024483.9713051319] /home/arrowboy/antigen.zsh:1484
[WRN][1731024483.9713051319] Processing hooks: -antigen-load-env-cached
[WRN][1731024483.9713490009] /home/arrowboy/antigen.zsh:1498
[WRN][1731024483.9713490009] Replace hook: -antigen-load-env-cached dir /home/arrowboy/.antigen/bundles/robbyrussell/oh-my-zsh btype plugin url https://github.com/robbyrussell/oh-my-zsh.git loc plugins/dnf name robbyrussell/oh-my-zsh make_local_clone true
[WRN][1731024483.9714071751] /home/arrowboy/antigen.zsh:1509
[WRN][1731024483.9714071751] Replaced hooked function.
[LOG][1731024483.9714343548] /home/arrowboy/antigen.zsh:1518
[LOG][1731024483.9714343548] Return from hook -antigen-load-env with 0
[WRN][1731024483.9715044498] /home/arrowboy/antigen.zsh:1469
[WRN][1731024483.9715044498] Updated meta: target -antigen-load-source mode repeat type replace called 5
[WRN][1731024483.9715342522] /home/arrowboy/antigen.zsh:1484
[WRN][1731024483.9715342522] Processing hooks: -antigen-load-source-cached
[WRN][1731024483.9715650082] /home/arrowboy/antigen.zsh:1498
[WRN][1731024483.9715650082] Replace hook: -antigen-load-source-cached /home/arrowboy/.antigen/bundles/robbyrussell/oh-my-zsh/plugins/dnf/dnf.plugin.zsh
[WRN][1731024483.9716031551] /home/arrowboy/antigen.zsh:1509
[WRN][1731024483.9716031551] Replaced hooked function.
[LOG][1731024483.9716279507] /home/arrowboy/antigen.zsh:1518
[LOG][1731024483.9716279507] Return from hook -antigen-load-source with 0
[LOG][1731024483.9716813564] /home/arrowboy/antigen.zsh:1518
[LOG][1731024483.9716813564] Return from hook antigen-bundle with 0
[WRN][1731024483.9717574120] /home/arrowboy/antigen.zsh:1469
[WRN][1731024483.9717574120] Updated meta: target antigen-bundle mode repeat type pre called 20
[WRN][1731024483.9717881680] /home/arrowboy/antigen.zsh:1484
[WRN][1731024483.9717881680] Processing hooks: antigen-bundle-cached
[WRN][1731024483.9718143940] /home/arrowboy/antigen.zsh:1487
[WRN][1731024483.9718143940] Pre hook: antigen-bundle-cached autosuggestions
[WRN][1731024483.9718523026] /home/arrowboy/antigen.zsh:1505
[WRN][1731024483.9718523026] -antigen-hook-antigen-bundle autosuggestions
[TRA][1731024483.9718809128] /home/arrowboy/antigen.zsh:1438
[TRA][1731024483.9718809128] Called antigen-bundle with autosuggestions BUNDLE
[TRA][1731024483.9718809128] TRACE
-antigen-hook-antigen-bundle
-antigen-hook-handler
antigen-bundle
antigen-bundle-parallel-execute
antigen-apply-parallel-execute
-antigen-hook-handler
antigen-apply
-antigen-hook-antigen
-antigen-hook-handler
antigen
/home/arrowboy/.zshrc
[WRN][1731024483.9721443653] /home/arrowboy/antigen.zsh:1469
[WRN][1731024483.9721443653] Updated meta: target -antigen-load-env mode repeat type replace called 6
[WRN][1731024483.9721813202] /home/arrowboy/antigen.zsh:1484
[WRN][1731024483.9721813202] Processing hooks: -antigen-load-env-cached
[WRN][1731024483.9722228050] /home/arrowboy/antigen.zsh:1498
[WRN][1731024483.9722228050] Replace hook: -antigen-load-env-cached dir /home/arrowboy/.antigen/bundles/robbyrussell/oh-my-zsh btype plugin url https://github.com/robbyrussell/oh-my-zsh.git loc plugins/autosuggestions name robbyrussell/oh-my-zsh make_local_clone true
[WRN][1731024483.9722774029] /home/arrowboy/antigen.zsh:1509
[WRN][1731024483.9722774029] Replaced hooked function.
[LOG][1731024483.9723036289] /home/arrowboy/antigen.zsh:1518
[LOG][1731024483.9723036289] Return from hook -antigen-load-env with 0
[WRN][1731024483.9723722935] /home/arrowboy/antigen.zsh:1469
[WRN][1731024483.9723722935] Updated meta: target -antigen-load-source mode repeat type replace called 6
[WRN][1731024483.9724044800] /home/arrowboy/antigen.zsh:1484
[WRN][1731024483.9724044800] Processing hooks: -antigen-load-source-cached
[WRN][1731024483.9724352360] /home/arrowboy/antigen.zsh:1498
[WRN][1731024483.9724352360] Replace hook: -antigen-load-source-cached
[WRN][1731024483.9724709988] /home/arrowboy/antigen.zsh:1509
[WRN][1731024483.9724709988] Replaced hooked function.
[LOG][1731024483.9724969864] /home/arrowboy/antigen.zsh:1518
[LOG][1731024483.9724969864] Return from hook -antigen-load-source with 0
[LOG][1731024483.9725515842] /home/arrowboy/antigen.zsh:1518
[LOG][1731024483.9725515842] Return from hook antigen-bundle with 0
[WRN][1731024483.9726133347] /home/arrowboy/antigen.zsh:1469
[WRN][1731024483.9726133347] Updated meta: target antigen-bundle mode repeat type pre called 21
[WRN][1731024483.9726407528] /home/arrowboy/antigen.zsh:1484
[WRN][1731024483.9726407528] Processing hooks: antigen-bundle-cached
[WRN][1731024483.9726619720] /home/arrowboy/antigen.zsh:1487
[WRN][1731024483.9726619720] Pre hook: antigen-bundle-cached zsh-users/zsh-syntax-highlighting
[WRN][1731024483.9726977348] /home/arrowboy/antigen.zsh:1505
[WRN][1731024483.9726977348] -antigen-hook-antigen-bundle zsh-users/zsh-syntax-highlighting
[TRA][1731024483.9727225304] /home/arrowboy/antigen.zsh:1438
[TRA][1731024483.9727225304] Called antigen-bundle with zsh-users/zsh-syntax-highlighting BUNDLE
[TRA][1731024483.9727225304] TRACE
-antigen-hook-antigen-bundle
-antigen-hook-handler
antigen-bundle
antigen-bundle-parallel-execute
antigen-apply-parallel-execute
-antigen-hook-handler
antigen-apply
-antigen-hook-antigen
-antigen-hook-handler
antigen
/home/arrowboy/.zshrc
[WRN][1731024483.9729611874] /home/arrowboy/antigen.zsh:1469
[WRN][1731024483.9729611874] Updated meta: target -antigen-load-env mode repeat type replace called 7
[WRN][1731024483.9729933739] /home/arrowboy/antigen.zsh:1484
[WRN][1731024483.9729933739] Processing hooks: -antigen-load-env-cached
[WRN][1731024483.9730253220] /home/arrowboy/antigen.zsh:1498
[WRN][1731024483.9730253220] Replace hook: -antigen-load-env-cached dir /home/arrowboy/.antigen/bundles/zsh-users/zsh-syntax-highlighting btype plugin url https://github.com/zsh-users/zsh-syntax-highlighting.git loc / name zsh-users/zsh-syntax-highlighting make_local_clone true
[WRN][1731024483.9730751514] /home/arrowboy/antigen.zsh:1509
[WRN][1731024483.9730751514] Replaced hooked function.
[LOG][1731024483.9731013775] /home/arrowboy/antigen.zsh:1518
[LOG][1731024483.9731013775] Return from hook -antigen-load-env with 0
[WRN][1731024483.9731857777] /home/arrowboy/antigen.zsh:1469
[WRN][1731024483.9731857777] Updated meta: target -antigen-load-source mode repeat type replace called 7
[WRN][1731024483.9732141495] /home/arrowboy/antigen.zsh:1484
[WRN][1731024483.9732141495] Processing hooks: -antigen-load-source-cached
[WRN][1731024483.9732415676] /home/arrowboy/antigen.zsh:1498
[WRN][1731024483.9732415676] Replace hook: -antigen-load-source-cached /home/arrowboy/.antigen/bundles/zsh-users/zsh-syntax-highlighting///zsh-syntax-highlighting.plugin.zsh
[WRN][1731024483.9732747078] /home/arrowboy/antigen.zsh:1509
[WRN][1731024483.9732747078] Replaced hooked function.
[LOG][1731024483.9732997417] /home/arrowboy/antigen.zsh:1518
[LOG][1731024483.9732997417] Return from hook -antigen-load-source with 0
[LOG][1731024483.9733448029] /home/arrowboy/antigen.zsh:1518
[LOG][1731024483.9733448029] Return from hook antigen-bundle with 0
[WRN][1731024483.9733767509] /home/arrowboy/antigen.zsh:1739
[WRN][1731024483.9733767509] Parallel install done PARALLEL
[WRN][1731024483.9734802246] /home/arrowboy/antigen.zsh:1462
[WRN][1731024483.9734802246] Ignoring hook due to mode once: antigen-apply-lock
[WRN][1731024483.9735109806] /home/arrowboy/antigen.zsh:1462
[WRN][1731024483.9735109806] Ignoring hook due to mode once: antigen-apply-parallel
[WRN][1731024483.9735383987] /home/arrowboy/antigen.zsh:1462
[WRN][1731024483.9735383987] Ignoring hook due to mode once: antigen-apply-defer
[WRN][1731024483.9735655785] /home/arrowboy/antigen.zsh:1462
[WRN][1731024483.9735655785] Ignoring hook due to mode once: antigen-apply-cached
[WRN][1731024483.9735918045] /home/arrowboy/antigen.zsh:1484
[WRN][1731024483.9735918045] Processing hooks: antigen-apply-lock antigen-apply-parallel antigen-apply-defer antigen-apply-cached
[WRN][1731024483.9736166000] /home/arrowboy/antigen.zsh:1505
[WRN][1731024483.9736166000] -antigen-hook-antigen-apply 
[LOG][1731024483.9736416340] /home/arrowboy/antigen.zsh:1438
[LOG][1731024483.9736416340] Called antigen-apply
[TRA][1731024483.9736628532] /home/arrowboy/antigen.zsh:1439
[TRA][1731024483.9736628532] Gonna create compdump file @ apply COMPDUMP
[TRA][1731024483.9736628532] TRACE
-antigen-hook-antigen-apply
-antigen-hook-handler
antigen-apply
antigen-apply-parallel-execute
-antigen-hook-handler
antigen-apply
-antigen-hook-antigen
-antigen-hook-handler
antigen
/home/arrowboy/.zshrc
[LOG][1731024484.1957643032] /home/arrowboy/antigen.zsh:1518
[LOG][1731024484.1957643032] Return from hook antigen-apply with 0
[WRN][1731024484.1958901882] /home/arrowboy/antigen.zsh:1509
[WRN][1731024484.1958901882] Replaced hooked function.
[WRN][1731024484.1959209442] /home/arrowboy/antigen.zsh:1513
[WRN][1731024484.1959209442] Post hook: antigen-apply-lock
[WRN][1731024484.1959507465] /home/arrowboy/antigen.zsh:1676
[WRN][1731024484.1959507465] Freeing antigen-lock file at /home/arrowboy/.antigen/.lock
[WRN][1731024484.1972696781] /home/arrowboy/antigen.zsh:1513
[WRN][1731024484.1972696781] Post hook: antigen-apply-cached
[LOG][1731024484.1973836422] /home/arrowboy/antigen.zsh:1893
[LOG][1731024484.1973836422] TRACE: /home/arrowboy/antigen.zsh:1514 /home/arrowboy/antigen.zsh:1441 /home/arrowboy/antigen.zsh:1447 /home/arrowboy/antigen.zsh:1506 /home/arrowboy/antigen.zsh:1441 /home/arrowboy/.zshrc:24 zsh:0
[LOG][1731024484.1979820728] /home/arrowboy/antigen.zsh:1787
[LOG][1731024484.1979820728] Gonna generate cache for /home/arrowboy/.antigen/bundles/robbyrussell/oh-my-zsh/lib /home/arrowboy/.antigen/bundles/robbyrussell/oh-my-zsh/lib/async_prompt.zsh /home/arrowboy/.antigen/bundles/robbyrussell/oh-my-zsh/lib/bzr.zsh /home/arrowboy/.antigen/bundles/robbyrussell/oh-my-zsh/lib/clipboard.zsh /home/arrowboy/.antigen/bundles/robbyrussell/oh-my-zsh/lib/cli.zsh /home/arrowboy/.antigen/bundles/robbyrussell/oh-my-zsh/lib/compfix.zsh /home/arrowboy/.antigen/bundles/robbyrussell/oh-my-zsh/lib/completion.zsh /home/arrowboy/.antigen/bundles/robbyrussell/oh-my-zsh/lib/correction.zsh /home/arrowboy/.antigen/bundles/robbyrussell/oh-my-zsh/lib/diagnostics.zsh /home/arrowboy/.antigen/bundles/robbyrussell/oh-my-zsh/lib/directories.zsh /home/arrowboy/.antigen/bundles/robbyrussell/oh-my-zsh/lib/functions.zsh /home/arrowboy/.antigen/bundles/robbyrussell/oh-my-zsh/lib/git.zsh /home/arrowboy/.antigen/bundles/robbyrussell/oh-my-zsh/lib/grep.zsh /home/arrowboy/.antigen/bundles/robbyrussell/oh-my-zsh/lib/history.zsh /home/arrowboy/.antigen/bundles/robbyrussell/oh-my-zsh/lib/key-bindings.zsh /home/arrowboy/.antigen/bundles/robbyrussell/oh-my-zsh/lib/misc.zsh /home/arrowboy/.antigen/bundles/robbyrussell/oh-my-zsh/lib/nvm.zsh /home/arrowboy/.antigen/bundles/robbyrussell/oh-my-zsh/lib/prompt_info_functions.zsh /home/arrowboy/.antigen/bundles/robbyrussell/oh-my-zsh/lib/spectrum.zsh /home/arrowboy/.antigen/bundles/robbyrussell/oh-my-zsh/lib/termsupport.zsh /home/arrowboy/.antigen/bundles/robbyrussell/oh-my-zsh/lib/theme-and-appearance.zsh /home/arrowboy/.antigen/bundles/robbyrussell/oh-my-zsh/lib/vcs_info.zsh /home/arrowboy/.antigen/bundles/robbyrussell/oh-my-zsh/plugins/git /home/arrowboy/.antigen/bundles/robbyrussell/oh-my-zsh/plugins/git/git.plugin.zsh /home/arrowboy/.antigen/bundles/robbyrussell/oh-my-zsh/plugins/pip /home/arrowboy/.antigen/bundles/robbyrussell/oh-my-zsh/plugins/pip/pip.plugin.zsh /home/arrowboy/.antigen/bundles/robbyrussell/oh-my-zsh/plugins/command-not-found /home/arrowboy/.antigen/bundles/robbyrussell/oh-my-zsh/plugins/command-not-found/command-not-found.plugin.zsh /home/arrowboy/.antigen/bundles/robbyrussell/oh-my-zsh/plugins/dnf /home/arrowboy/.antigen/bundles/robbyrussell/oh-my-zsh/plugins/dnf/dnf.plugin.zsh /home/arrowboy/.antigen/bundles/robbyrussell/oh-my-zsh/plugins/autosuggestions /home/arrowboy/.antigen/bundles/zsh-users/zsh-syntax-highlighting// /home/arrowboy/.antigen/bundles/zsh-users/zsh-syntax-highlighting///zsh-syntax-highlighting.plugin.zsh
[LOG][1731024484.2026929855] /home/arrowboy/antigen.zsh:1844
[LOG][1731024484.2026929855] CHECK_FILES /home/arrowboy/.zshrc /home/arrowboy/.zshrc
[LOG][1731024484.2381956577] /home/arrowboy/antigen.zsh:1518
[LOG][1731024484.2381956577] Return from hook antigen-apply with 0
[LOG][1731024484.2382881641] /home/arrowboy/antigen.zsh:1518
[LOG][1731024484.2382881641] Return from hook antigen with 0
[WRN][1731024630.9945416451] /home/arrowboy/antigen.zsh:266
[WRN][1731024630.9945416451] -antigen-interactive-mode: file:file:shfunc:shfunc $_ANTIGEN_INTERACTIVE = 
[WRN][1731024630.9947078228] /home/arrowboy/antigen.zsh:1572
[WRN][1731024630.9947078228] -antigen-lock-init return code was 0
[LOG][1731024630.9947388172] /home/arrowboy/antigen.zsh:1574
[LOG][1731024630.9947388172] LOADED EXTENSION lock EXT
[WRN][1731024630.9957492352] /home/arrowboy/antigen.zsh:1684
[WRN][1731024630.9957492352] Init parallel extension PARALLEL
[WRN][1731024630.9957954884] /home/arrowboy/antigen.zsh:266
[WRN][1731024630.9957954884] -antigen-interactive-mode: file:file:shfunc:shfunc:shfunc:eval:shfunc:shfunc $_ANTIGEN_INTERACTIVE = 
[WRN][1731024630.9958381653] /home/arrowboy/antigen.zsh:1572
[WRN][1731024630.9958381653] -antigen-parallel-init return code was 0
[LOG][1731024630.9958655834] /home/arrowboy/antigen.zsh:1574
[LOG][1731024630.9958655834] LOADED EXTENSION parallel EXT
[WRN][1731024630.9958915710] /home/arrowboy/antigen.zsh:1692
[WRN][1731024630.9958915710] Exec parallel extension PARALLEL
[WRN][1731024630.9960792065] /home/arrowboy/antigen.zsh:266
[WRN][1731024630.9960792065] -antigen-interactive-mode: file:file:shfunc:shfunc:shfunc:eval:shfunc:shfunc $_ANTIGEN_INTERACTIVE = 
[WRN][1731024630.9961445332] /home/arrowboy/antigen.zsh:1572
[WRN][1731024630.9961445332] -antigen-defer-init return code was 0
[LOG][1731024630.9962134361] /home/arrowboy/antigen.zsh:1574
[LOG][1731024630.9962134361] LOADED EXTENSION defer EXT
[WRN][1731024630.9970088005] /home/arrowboy/antigen.zsh:266
[WRN][1731024630.9970088005] -antigen-interactive-mode: file:file:shfunc:shfunc:shfunc:eval:shfunc:shfunc $_ANTIGEN_INTERACTIVE = 
[WRN][1731024630.9971275330] /home/arrowboy/antigen.zsh:1572
[WRN][1731024630.9971275330] -antigen-cache-init return code was 0
[LOG][1731024630.9971585274] /home/arrowboy/antigen.zsh:1574
[LOG][1731024630.9971585274] LOADED EXTENSION cache EXT
[WRN][1731024630.9987874031] /home/arrowboy/antigen.zsh:1469
[WRN][1731024630.9987874031] Updated meta: target antigen mode once type pre called 1
[WRN][1731024630.9988360405] /home/arrowboy/antigen.zsh:1484
[WRN][1731024630.9988360405] Processing hooks: antigen-lock
[WRN][1731024630.9988644123] /home/arrowboy/antigen.zsh:1487
[WRN][1731024630.9988644123] Pre hook: antigen-lock use oh-my-zsh
[LOG][1731024630.9988918304] /home/arrowboy/antigen.zsh:1658
[LOG][1731024630.9988918304] antigen-lock called
[WRN][1731024630.9989190102] /home/arrowboy/antigen.zsh:1669
[WRN][1731024630.9989190102] Creating antigen-lock file at /home/arrowboy/.antigen/.lock
[WRN][1731024631.0009992123] /home/arrowboy/antigen.zsh:1505
[WRN][1731024631.0009992123] -antigen-hook-antigen use oh-my-zsh
[WRN][1731024631.0027587414] /home/arrowboy/antigen.zsh:1469
[WRN][1731024631.0027587414] Updated meta: target antigen-bundle mode repeat type replace called 1
[WRN][1731024631.0028951168] /home/arrowboy/antigen.zsh:1469
[WRN][1731024631.0028951168] Updated meta: target antigen-bundle mode repeat type pre called 1
[WRN][1731024631.0029568672] /home/arrowboy/antigen.zsh:1484
[WRN][1731024631.0029568672] Processing hooks: antigen-bundle-defer antigen-bundle-cached
[WRN][1731024631.0030057430] /home/arrowboy/antigen.zsh:1487
[WRN][1731024631.0030057430] Pre hook: antigen-bundle-cached --loc=lib
[WRN][1731024631.0030922890] /home/arrowboy/antigen.zsh:1498
[WRN][1731024631.0030922890] Replace hook: antigen-bundle-defer --loc=lib
[WRN][1731024631.0031943321] /home/arrowboy/antigen.zsh:1500
[WRN][1731024631.0031943321] antigen-bundle-defer shortcircuited
[LOG][1731024631.0033891201] /home/arrowboy/antigen.zsh:1518
[LOG][1731024631.0033891201] Return from hook antigen with 0
[WRN][1731024631.0036811829] /home/arrowboy/antigen.zsh:1462
[WRN][1731024631.0036811829] Ignoring hook due to mode once: antigen-lock
[WRN][1731024631.0037667751] /home/arrowboy/antigen.zsh:1484
[WRN][1731024631.0037667751] Processing hooks: antigen-lock
[WRN][1731024631.0038011074] /home/arrowboy/antigen.zsh:1505
[WRN][1731024631.0038011074] -antigen-hook-antigen bundle git
[WRN][1731024631.0038771629] /home/arrowboy/antigen.zsh:1469
[WRN][1731024631.0038771629] Updated meta: target antigen-bundle mode repeat type replace called 2
[WRN][1731024631.0039174557] /home/arrowboy/antigen.zsh:1469
[WRN][1731024631.0039174557] Updated meta: target antigen-bundle mode repeat type pre called 2
[WRN][1731024631.0039460659] /home/arrowboy/antigen.zsh:1484
[WRN][1731024631.0039460659] Processing hooks: antigen-bundle-defer antigen-bundle-cached
[WRN][1731024631.0039696693] /home/arrowboy/antigen.zsh:1487
[WRN][1731024631.0039696693] Pre hook: antigen-bundle-cached git
[WRN][1731024631.0040087700] /home/arrowboy/antigen.zsh:1498
[WRN][1731024631.0040087700] Replace hook: antigen-bundle-defer git
[WRN][1731024631.0040433407] /home/arrowboy/antigen.zsh:1500
[WRN][1731024631.0040433407] antigen-bundle-defer shortcircuited
[LOG][1731024631.0040884018] /home/arrowboy/antigen.zsh:1518
[LOG][1731024631.0040884018] Return from hook antigen with 0
[WRN][1731024631.0041763783] /home/arrowboy/antigen.zsh:1462
[WRN][1731024631.0041763783] Ignoring hook due to mode once: antigen-lock
[WRN][1731024631.0042023659] /home/arrowboy/antigen.zsh:1484
[WRN][1731024631.0042023659] Processing hooks: antigen-lock
[WRN][1731024631.0042297840] /home/arrowboy/antigen.zsh:1505
[WRN][1731024631.0042297840] -antigen-hook-antigen bundle pip
[WRN][1731024631.0043056011] /home/arrowboy/antigen.zsh:1469
[WRN][1731024631.0043056011] Updated meta: target antigen-bundle mode repeat type replace called 3
[WRN][1731024631.0043449402] /home/arrowboy/antigen.zsh:1469
[WRN][1731024631.0043449402] Updated meta: target antigen-bundle mode repeat type pre called 3
[WRN][1731024631.0043721199] /home/arrowboy/antigen.zsh:1484
[WRN][1731024631.0043721199] Processing hooks: antigen-bundle-defer antigen-bundle-cached
[WRN][1731024631.0043959618] /home/arrowboy/antigen.zsh:1487
[WRN][1731024631.0043959618] Pre hook: antigen-bundle-cached pip
[WRN][1731024631.0044326782] /home/arrowboy/antigen.zsh:1498
[WRN][1731024631.0044326782] Replace hook: antigen-bundle-defer pip
[WRN][1731024631.0044672489] /home/arrowboy/antigen.zsh:1500
[WRN][1731024631.0044672489] antigen-bundle-defer shortcircuited
[LOG][1731024631.0045111179] /home/arrowboy/antigen.zsh:1518
[LOG][1731024631.0045111179] Return from hook antigen with 0
[WRN][1731024631.0045716763] /home/arrowboy/antigen.zsh:1462
[WRN][1731024631.0045716763] Ignoring hook due to mode once: antigen-lock
[WRN][1731024631.0045964718] /home/arrowboy/antigen.zsh:1484
[WRN][1731024631.0045964718] Processing hooks: antigen-lock
[WRN][1731024631.0046226978] /home/arrowboy/antigen.zsh:1505
[WRN][1731024631.0046226978] -antigen-hook-antigen bundle command-not-found
[WRN][1731024631.0046832561] /home/arrowboy/antigen.zsh:1469
[WRN][1731024631.0046832561] Updated meta: target antigen-bundle mode repeat type replace called 4
[WRN][1731024631.0047199726] /home/arrowboy/antigen.zsh:1469
[WRN][1731024631.0047199726] Updated meta: target antigen-bundle mode repeat type pre called 4
[WRN][1731024631.0047461987] /home/arrowboy/antigen.zsh:1484
[WRN][1731024631.0047461987] Processing hooks: antigen-bundle-defer antigen-bundle-cached
[WRN][1731024631.0047686100] /home/arrowboy/antigen.zsh:1487
[WRN][1731024631.0047686100] Pre hook: antigen-bundle-cached command-not-found
[WRN][1731024631.0048067570] /home/arrowboy/antigen.zsh:1498
[WRN][1731024631.0048067570] Replace hook: antigen-bundle-defer command-not-found
[WRN][1731024631.0048494339] /home/arrowboy/antigen.zsh:1500
[WRN][1731024631.0048494339] antigen-bundle-defer shortcircuited
[LOG][1731024631.0049016476] /home/arrowboy/antigen.zsh:1518
[LOG][1731024631.0049016476] Return from hook antigen with 0
[WRN][1731024631.0049657822] /home/arrowboy/antigen.zsh:1462
[WRN][1731024631.0049657822] Ignoring hook due to mode once: antigen-lock
[WRN][1731024631.0049908161] /home/arrowboy/antigen.zsh:1484
[WRN][1731024631.0049908161] Processing hooks: antigen-lock
[WRN][1731024631.0050168037] /home/arrowboy/antigen.zsh:1505
[WRN][1731024631.0050168037] -antigen-hook-antigen bundle dnf
[WRN][1731024631.0050773621] /home/arrowboy/antigen.zsh:1469
[WRN][1731024631.0050773621] Updated meta: target antigen-bundle mode repeat type replace called 5
[WRN][1731024631.0051212311] /home/arrowboy/antigen.zsh:1469
[WRN][1731024631.0051212311] Updated meta: target antigen-bundle mode repeat type pre called 5
[WRN][1731024631.0051498413] /home/arrowboy/antigen.zsh:1484
[WRN][1731024631.0051498413] Processing hooks: antigen-bundle-defer antigen-bundle-cached
[WRN][1731024631.0051736832] /home/arrowboy/antigen.zsh:1487
[WRN][1731024631.0051736832] Pre hook: antigen-bundle-cached dnf
[WRN][1731024631.0052103996] /home/arrowboy/antigen.zsh:1498
[WRN][1731024631.0052103996] Replace hook: antigen-bundle-defer dnf
[WRN][1731024631.0052435398] /home/arrowboy/antigen.zsh:1500
[WRN][1731024631.0052435398] antigen-bundle-defer shortcircuited
[LOG][1731024631.0052864552] /home/arrowboy/antigen.zsh:1518
[LOG][1731024631.0052864552] Return from hook antigen with 0
[WRN][1731024631.0053446293] /home/arrowboy/antigen.zsh:1462
[WRN][1731024631.0053446293] Ignoring hook due to mode once: antigen-lock
[WRN][1731024631.0053694248] /home/arrowboy/antigen.zsh:1484
[WRN][1731024631.0053694248] Processing hooks: antigen-lock
[WRN][1731024631.0053956509] /home/arrowboy/antigen.zsh:1505
[WRN][1731024631.0053956509] -antigen-hook-antigen bundle autosuggestions
[WRN][1731024631.0054609776] /home/arrowboy/antigen.zsh:1469
[WRN][1731024631.0054609776] Updated meta: target antigen-bundle mode repeat type replace called 6
[WRN][1731024631.0054976940] /home/arrowboy/antigen.zsh:1469
[WRN][1731024631.0054976940] Updated meta: target antigen-bundle mode repeat type pre called 6
[WRN][1731024631.0055251122] /home/arrowboy/antigen.zsh:1484
[WRN][1731024631.0055251122] Processing hooks: antigen-bundle-defer antigen-bundle-cached
[WRN][1731024631.0055475235] /home/arrowboy/antigen.zsh:1487
[WRN][1731024631.0055475235] Pre hook: antigen-bundle-cached autosuggestions
[WRN][1731024631.0055854321] /home/arrowboy/antigen.zsh:1498
[WRN][1731024631.0055854321] Replace hook: antigen-bundle-defer autosuggestions
[WRN][1731024631.0056235790] /home/arrowboy/antigen.zsh:1500
[WRN][1731024631.0056235790] antigen-bundle-defer shortcircuited
[LOG][1731024631.0056650639] /home/arrowboy/antigen.zsh:1518
[LOG][1731024631.0056650639] Return from hook antigen with 0
[WRN][1731024631.0057220459] /home/arrowboy/antigen.zsh:1462
[WRN][1731024631.0057220459] Ignoring hook due to mode once: antigen-lock
[WRN][1731024631.0057458878] /home/arrowboy/antigen.zsh:1484
[WRN][1731024631.0057458878] Processing hooks: antigen-lock
[WRN][1731024631.0057718754] /home/arrowboy/antigen.zsh:1505
[WRN][1731024631.0057718754] -antigen-hook-antigen bundle heroku
[WRN][1731024631.0058300495] /home/arrowboy/antigen.zsh:1469
[WRN][1731024631.0058300495] Updated meta: target antigen-bundle mode repeat type replace called 7
[WRN][1731024631.0058658123] /home/arrowboy/antigen.zsh:1469
[WRN][1731024631.0058658123] Updated meta: target antigen-bundle mode repeat type pre called 7
[WRN][1731024631.0058917999] /home/arrowboy/antigen.zsh:1484
[WRN][1731024631.0058917999] Processing hooks: antigen-bundle-defer antigen-bundle-cached
[WRN][1731024631.0059156418] /home/arrowboy/antigen.zsh:1487
[WRN][1731024631.0059156418] Pre hook: antigen-bundle-cached heroku
[WRN][1731024631.0059511662] /home/arrowboy/antigen.zsh:1498
[WRN][1731024631.0059511662] Replace hook: antigen-bundle-defer heroku
[WRN][1731024631.0059845448] /home/arrowboy/antigen.zsh:1500
[WRN][1731024631.0059845448] antigen-bundle-defer shortcircuited
[LOG][1731024631.0060248375] /home/arrowboy/antigen.zsh:1518
[LOG][1731024631.0060248375] Return from hook antigen with 0
[WRN][1731024631.0060842037] /home/arrowboy/antigen.zsh:1462
[WRN][1731024631.0060842037] Ignoring hook due to mode once: antigen-lock
[WRN][1731024631.0061185360] /home/arrowboy/antigen.zsh:1484
[WRN][1731024631.0061185360] Processing hooks: antigen-lock
[WRN][1731024631.0061471462] /home/arrowboy/antigen.zsh:1505
[WRN][1731024631.0061471462] -antigen-hook-antigen bundle zsh-users/zsh-syntax-highlighting
[WRN][1731024631.0062077045] /home/arrowboy/antigen.zsh:1469
[WRN][1731024631.0062077045] Updated meta: target antigen-bundle mode repeat type replace called 8
[WRN][1731024631.0062444210] /home/arrowboy/antigen.zsh:1469
[WRN][1731024631.0062444210] Updated meta: target antigen-bundle mode repeat type pre called 8
[WRN][1731024631.0062706470] /home/arrowboy/antigen.zsh:1484
[WRN][1731024631.0062706470] Processing hooks: antigen-bundle-defer antigen-bundle-cached
[WRN][1731024631.0062930584] /home/arrowboy/antigen.zsh:1487
[WRN][1731024631.0062930584] Pre hook: antigen-bundle-cached zsh-users/zsh-syntax-highlighting
[WRN][1731024631.0063300133] /home/arrowboy/antigen.zsh:1498
[WRN][1731024631.0063300133] Replace hook: antigen-bundle-defer zsh-users/zsh-syntax-highlighting
[WRN][1731024631.0063631535] /home/arrowboy/antigen.zsh:1500
[WRN][1731024631.0063631535] antigen-bundle-defer shortcircuited
[LOG][1731024631.0064046383] /home/arrowboy/antigen.zsh:1518
[LOG][1731024631.0064046383] Return from hook antigen with 0
[WRN][1731024631.0064651966] /home/arrowboy/antigen.zsh:1462
[WRN][1731024631.0064651966] Ignoring hook due to mode once: antigen-lock
[WRN][1731024631.0064890385] /home/arrowboy/antigen.zsh:1484
[WRN][1731024631.0064890385] Processing hooks: antigen-lock
[WRN][1731024631.0065209866] /home/arrowboy/antigen.zsh:1505
[WRN][1731024631.0065209866] -antigen-hook-antigen apply
[WRN][1731024631.0065839291] /home/arrowboy/antigen.zsh:1469
[WRN][1731024631.0065839291] Updated meta: target antigen-apply mode once type post called 1
[WRN][1731024631.0066244602] /home/arrowboy/antigen.zsh:1469
[WRN][1731024631.0066244602] Updated meta: target antigen-apply mode once type pre called 1
[WRN][1731024631.0067503452] /home/arrowboy/antigen.zsh:1469
[WRN][1731024631.0067503452] Updated meta: target antigen-apply mode once type replace called 1
[WRN][1731024631.0067954063] /home/arrowboy/antigen.zsh:1469
[WRN][1731024631.0067954063] Updated meta: target antigen-apply mode once type pre called 1
[WRN][1731024631.0068345070] /home/arrowboy/antigen.zsh:1469
[WRN][1731024631.0068345070] Updated meta: target antigen-apply mode once type post called 1
[WRN][1731024631.0068619251] /home/arrowboy/antigen.zsh:1484
[WRN][1731024631.0068619251] Processing hooks: antigen-apply-lock antigen-apply-parallel antigen-apply-parallel-execute antigen-apply-defer antigen-apply-cached
[WRN][1731024631.0068855286] /home/arrowboy/antigen.zsh:1487
[WRN][1731024631.0068855286] Pre hook: antigen-apply-parallel
[WRN][1731024631.0069105625] /home/arrowboy/antigen.zsh:1744
[WRN][1731024631.0069105625] Parallel pre-apply PARALLEL PRE-APPLY
[WRN][1731024631.0069782734] /home/arrowboy/antigen.zsh:1487
[WRN][1731024631.0069782734] Pre hook: antigen-apply-defer
[WRN][1731024631.0070042610] /home/arrowboy/antigen.zsh:1623
[WRN][1731024631.0070042610] Defer pre-apply DEFER PRE-APPLY
[LOG][1731024631.0070731640] /home/arrowboy/antigen.zsh:1629
[LOG][1731024631.0070731640] Processing deferred bundle: --loc=lib DEFER
[WRN][1731024631.0071480274] /home/arrowboy/antigen.zsh:1469
[WRN][1731024631.0071480274] Updated meta: target antigen-bundle mode repeat type pre called 9
[WRN][1731024631.0071883202] /home/arrowboy/antigen.zsh:1469
[WRN][1731024631.0071883202] Updated meta: target antigen-bundle mode repeat type replace called 1
[WRN][1731024631.0072169304] /home/arrowboy/antigen.zsh:1484
[WRN][1731024631.0072169304] Processing hooks: antigen-bundle-cached antigen-bundle-parallel
[WRN][1731024631.0072405338] /home/arrowboy/antigen.zsh:1487
[WRN][1731024631.0072405338] Pre hook: antigen-bundle-cached --loc=lib
[WRN][1731024631.0072798729] /home/arrowboy/antigen.zsh:1498
[WRN][1731024631.0072798729] Replace hook: antigen-bundle-parallel --loc=lib
[TRA][1731024631.0073106289] /home/arrowboy/.zshrc:1748
[TRA][1731024631.0073106289] antigen-bundle-parallel: --loc=lib PARALLEL
[TRA][1731024631.0073106289] TRACE
antigen-bundle-parallel
-antigen-hook-handler
antigen-bundle
antigen-apply-defer
-antigen-hook-handler
antigen-apply
-antigen-hook-antigen
-antigen-hook-handler
antigen
/home/arrowboy/.zshrc
[WRN][1731024631.0073485374] /home/arrowboy/antigen.zsh:1509
[WRN][1731024631.0073485374] Replaced hooked function.
[LOG][1731024631.0073723793] /home/arrowboy/antigen.zsh:1518
[LOG][1731024631.0073723793] Return from hook antigen-bundle with 0
[LOG][1731024631.0074055195] /home/arrowboy/antigen.zsh:1629
[LOG][1731024631.0074055195] Processing deferred bundle: git DEFER
[WRN][1731024631.0074577332] /home/arrowboy/antigen.zsh:1469
[WRN][1731024631.0074577332] Updated meta: target antigen-bundle mode repeat type pre called 10
[WRN][1731024631.0074923038] /home/arrowboy/antigen.zsh:1469
[WRN][1731024631.0074923038] Updated meta: target antigen-bundle mode repeat type replace called 2
[WRN][1731024631.0075182915] /home/arrowboy/antigen.zsh:1484
[WRN][1731024631.0075182915] Processing hooks: antigen-bundle-cached antigen-bundle-parallel
[WRN][1731024631.0075409412] /home/arrowboy/antigen.zsh:1487
[WRN][1731024631.0075409412] Pre hook: antigen-bundle-cached git
[WRN][1731024631.0075788498] /home/arrowboy/antigen.zsh:1498
[WRN][1731024631.0075788498] Replace hook: antigen-bundle-parallel git
[TRA][1731024631.0076050758] /home/arrowboy/.zshrc:1748
[TRA][1731024631.0076050758] antigen-bundle-parallel: git PARALLEL
[TRA][1731024631.0076050758] TRACE
antigen-bundle-parallel
-antigen-hook-handler
antigen-bundle
antigen-apply-defer
-antigen-hook-handler
antigen-apply
-antigen-hook-antigen
-antigen-hook-handler
antigen
/home/arrowboy/.zshrc
[WRN][1731024631.0076441765] /home/arrowboy/antigen.zsh:1509
[WRN][1731024631.0076441765] Replaced hooked function.
[LOG][1731024631.0076680183] /home/arrowboy/antigen.zsh:1518
[LOG][1731024631.0076680183] Return from hook antigen-bundle with 0
[LOG][1731024631.0077011585] /home/arrowboy/antigen.zsh:1629
[LOG][1731024631.0077011585] Processing deferred bundle: pip DEFER
[WRN][1731024631.0077509880] /home/arrowboy/antigen.zsh:1469
[WRN][1731024631.0077509880] Updated meta: target antigen-bundle mode repeat type pre called 11
[WRN][1731024631.0077867508] /home/arrowboy/antigen.zsh:1469
[WRN][1731024631.0077867508] Updated meta: target antigen-bundle mode repeat type replace called 3
[WRN][1731024631.0078127384] /home/arrowboy/antigen.zsh:1484
[WRN][1731024631.0078127384] Processing hooks: antigen-bundle-cached antigen-bundle-parallel
[WRN][1731024631.0078377724] /home/arrowboy/antigen.zsh:1487
[WRN][1731024631.0078377724] Pre hook: antigen-bundle-cached pip
[WRN][1731024631.0078732967] /home/arrowboy/antigen.zsh:1498
[WRN][1731024631.0078732967] Replace hook: antigen-bundle-parallel pip
[TRA][1731024631.0078995228] /home/arrowboy/.zshrc:1748
[TRA][1731024631.0078995228] antigen-bundle-parallel: pip PARALLEL
[TRA][1731024631.0078995228] TRACE
antigen-bundle-parallel
-antigen-hook-handler
antigen-bundle
antigen-apply-defer
-antigen-hook-handler
antigen-apply
-antigen-hook-antigen
-antigen-hook-handler
antigen
/home/arrowboy/.zshrc
[WRN][1731024631.0079326630] /home/arrowboy/antigen.zsh:1509
[WRN][1731024631.0079326630] Replaced hooked function.
[LOG][1731024631.0079565048] /home/arrowboy/antigen.zsh:1518
[LOG][1731024631.0079565048] Return from hook antigen-bundle with 0
[LOG][1731024631.0079896450] /home/arrowboy/antigen.zsh:1629
[LOG][1731024631.0079896450] Processing deferred bundle: command-not-found DEFER
[WRN][1731024631.0080442429] /home/arrowboy/antigen.zsh:1469
[WRN][1731024631.0080442429] Updated meta: target antigen-bundle mode repeat type pre called 12
[WRN][1731024631.0080800056] /home/arrowboy/antigen.zsh:1469
[WRN][1731024631.0080800056] Updated meta: target antigen-bundle mode repeat type replace called 4
[WRN][1731024631.0081059933] /home/arrowboy/antigen.zsh:1484
[WRN][1731024631.0081059933] Processing hooks: antigen-bundle-cached antigen-bundle-parallel
[WRN][1731024631.0081381798] /home/arrowboy/antigen.zsh:1487
[WRN][1731024631.0081381798] Pre hook: antigen-bundle-cached command-not-found
[WRN][1731024631.0081760883] /home/arrowboy/antigen.zsh:1498
[WRN][1731024631.0081760883] Replace hook: antigen-bundle-parallel command-not-found
[TRA][1731024631.0082035065] /home/arrowboy/.zshrc:1748
[TRA][1731024631.0082035065] antigen-bundle-parallel: command-not-found PARALLEL
[TRA][1731024631.0082035065] TRACE
antigen-bundle-parallel
-antigen-hook-handler
antigen-bundle
antigen-apply-defer
-antigen-hook-handler
antigen-apply
-antigen-hook-antigen
-antigen-hook-handler
antigen
/home/arrowboy/.zshrc
[WRN][1731024631.0082378387] /home/arrowboy/antigen.zsh:1509
[WRN][1731024631.0082378387] Replaced hooked function.
[LOG][1731024631.0082616806] /home/arrowboy/antigen.zsh:1518
[LOG][1731024631.0082616806] Return from hook antigen-bundle with 0
[LOG][1731024631.0082948208] /home/arrowboy/antigen.zsh:1629
[LOG][1731024631.0082948208] Processing deferred bundle: dnf DEFER
[WRN][1731024631.0083458424] /home/arrowboy/antigen.zsh:1469
[WRN][1731024631.0083458424] Updated meta: target antigen-bundle mode repeat type pre called 13
[WRN][1731024631.0083804131] /home/arrowboy/antigen.zsh:1469
[WRN][1731024631.0083804131] Updated meta: target antigen-bundle mode repeat type replace called 5
[WRN][1731024631.0084064007] /home/arrowboy/antigen.zsh:1484
[WRN][1731024631.0084064007] Processing hooks: antigen-bundle-cached antigen-bundle-parallel
[WRN][1731024631.0084302425] /home/arrowboy/antigen.zsh:1487
[WRN][1731024631.0084302425] Pre hook: antigen-bundle-cached dnf
[WRN][1731024631.0084729195] /home/arrowboy/antigen.zsh:1498
[WRN][1731024631.0084729195] Replace hook: antigen-bundle-parallel dnf
[TRA][1731024631.0085003376] /home/arrowboy/.zshrc:1748
[TRA][1731024631.0085003376] antigen-bundle-parallel: dnf PARALLEL
[TRA][1731024631.0085003376] TRACE
antigen-bundle-parallel
-antigen-hook-handler
antigen-bundle
antigen-apply-defer
-antigen-hook-handler
antigen-apply
-antigen-hook-antigen
-antigen-hook-handler
antigen
/home/arrowboy/.zshrc
[WRN][1731024631.0085334778] /home/arrowboy/antigen.zsh:1509
[WRN][1731024631.0085334778] Replaced hooked function.
[LOG][1731024631.0085585117] /home/arrowboy/antigen.zsh:1518
[LOG][1731024631.0085585117] Return from hook antigen-bundle with 0
[LOG][1731024631.0085904598] /home/arrowboy/antigen.zsh:1629
[LOG][1731024631.0085904598] Processing deferred bundle: autosuggestions DEFER
[WRN][1731024631.0086414814] /home/arrowboy/antigen.zsh:1469
[WRN][1731024631.0086414814] Updated meta: target antigen-bundle mode repeat type pre called 14
[WRN][1731024631.0086772442] /home/arrowboy/antigen.zsh:1469
[WRN][1731024631.0086772442] Updated meta: target antigen-bundle mode repeat type replace called 6
[WRN][1731024631.0087032318] /home/arrowboy/antigen.zsh:1484
[WRN][1731024631.0087032318] Processing hooks: antigen-bundle-cached antigen-bundle-parallel
[WRN][1731024631.0087270737] /home/arrowboy/antigen.zsh:1487
[WRN][1731024631.0087270737] Pre hook: antigen-bundle-cached autosuggestions
[WRN][1731024631.0087637901] /home/arrowboy/antigen.zsh:1498
[WRN][1731024631.0087637901] Replace hook: antigen-bundle-parallel autosuggestions
[TRA][1731024631.0087900162] /home/arrowboy/.zshrc:1748
[TRA][1731024631.0087900162] antigen-bundle-parallel: autosuggestions PARALLEL
[TRA][1731024631.0087900162] TRACE
antigen-bundle-parallel
-antigen-hook-handler
antigen-bundle
antigen-apply-defer
-antigen-hook-handler
antigen-apply
-antigen-hook-antigen
-antigen-hook-handler
antigen
/home/arrowboy/.zshrc
[WRN][1731024631.0088231564] /home/arrowboy/antigen.zsh:1509
[WRN][1731024631.0088231564] Replaced hooked function.
[LOG][1731024631.0088481903] /home/arrowboy/antigen.zsh:1518
[LOG][1731024631.0088481903] Return from hook antigen-bundle with 0
[LOG][1731024631.0088813305] /home/arrowboy/antigen.zsh:1629
[LOG][1731024631.0088813305] Processing deferred bundle: heroku DEFER
[WRN][1731024631.0089311600] /home/arrowboy/antigen.zsh:1469
[WRN][1731024631.0089311600] Updated meta: target antigen-bundle mode repeat type pre called 15
[WRN][1731024631.0089669228] /home/arrowboy/antigen.zsh:1469
[WRN][1731024631.0089669228] Updated meta: target antigen-bundle mode repeat type replace called 7
[WRN][1731024631.0089941025] /home/arrowboy/antigen.zsh:1484
[WRN][1731024631.0089941025] Processing hooks: antigen-bundle-cached antigen-bundle-parallel
[WRN][1731024631.0090167522] /home/arrowboy/antigen.zsh:1487
[WRN][1731024631.0090167522] Pre hook: antigen-bundle-cached heroku
[WRN][1731024631.0090534687] /home/arrowboy/antigen.zsh:1498
[WRN][1731024631.0090534687] Replace hook: antigen-bundle-parallel heroku
[TRA][1731024631.0090796947] /home/arrowboy/.zshrc:1748
[TRA][1731024631.0090796947] antigen-bundle-parallel: heroku PARALLEL
[TRA][1731024631.0090796947] TRACE
antigen-bundle-parallel
-antigen-hook-handler
antigen-bundle
antigen-apply-defer
-antigen-hook-handler
antigen-apply
-antigen-hook-antigen
-antigen-hook-handler
antigen
/home/arrowboy/.zshrc
[WRN][1731024631.0091211796] /home/arrowboy/antigen.zsh:1509
[WRN][1731024631.0091211796] Replaced hooked function.
[LOG][1731024631.0091462135] /home/arrowboy/antigen.zsh:1518
[LOG][1731024631.0091462135] Return from hook antigen-bundle with 0
[LOG][1731024631.0091805458] /home/arrowboy/antigen.zsh:1629
[LOG][1731024631.0091805458] Processing deferred bundle: zsh-users/zsh-syntax-highlighting DEFER
[WRN][1731024631.0092363358] /home/arrowboy/antigen.zsh:1469
[WRN][1731024631.0092363358] Updated meta: target antigen-bundle mode repeat type pre called 16
[WRN][1731024631.0092718601] /home/arrowboy/antigen.zsh:1469
[WRN][1731024631.0092718601] Updated meta: target antigen-bundle mode repeat type replace called 8
[WRN][1731024631.0093040466] /home/arrowboy/antigen.zsh:1484
[WRN][1731024631.0093040466] Processing hooks: antigen-bundle-cached antigen-bundle-parallel
[WRN][1731024631.0093278885] /home/arrowboy/antigen.zsh:1487
[WRN][1731024631.0093278885] Pre hook: antigen-bundle-cached zsh-users/zsh-syntax-highlighting
[WRN][1731024631.0093646049] /home/arrowboy/antigen.zsh:1498
[WRN][1731024631.0093646049] Replace hook: antigen-bundle-parallel zsh-users/zsh-syntax-highlighting
[TRA][1731024631.0093905926] /home/arrowboy/.zshrc:1748
[TRA][1731024631.0093905926] antigen-bundle-parallel: zsh-users/zsh-syntax-highlighting PARALLEL
[TRA][1731024631.0093905926] TRACE
antigen-bundle-parallel
-antigen-hook-handler
antigen-bundle
antigen-apply-defer
-antigen-hook-handler
antigen-apply
-antigen-hook-antigen
-antigen-hook-handler
antigen
/home/arrowboy/.zshrc
[WRN][1731024631.0094239712] /home/arrowboy/antigen.zsh:1509
[WRN][1731024631.0094239712] Replaced hooked function.
[LOG][1731024631.0094475746] /home/arrowboy/antigen.zsh:1518
[LOG][1731024631.0094475746] Return from hook antigen-bundle with 0
[WRN][1731024631.0094940662] /home/arrowboy/antigen.zsh:1498
[WRN][1731024631.0094940662] Replace hook: antigen-apply-parallel-execute
[WRN][1731024631.0095212460] /home/arrowboy/antigen.zsh:1756
[WRN][1731024631.0095212460] Parallel replace-apply PARALLEL REPLACE-APPLY
[WRN][1731024631.0095818043] /home/arrowboy/antigen.zsh:1695
[WRN][1731024631.0095818043] Parallel antigen-bundle-parallel-execute PARALLEL
[WRN][1731024631.0096104145] /home/arrowboy/antigen.zsh:1699
[WRN][1731024631.0096104145] Gonna install in parallel 8 bundles. PARALLEL
[WRN][1731024631.0096340179] /home/arrowboy/antigen.zsh:1701
[WRN][1731024631.0096340179] --loc=lib git pip command-not-found dnf autosuggestions heroku zsh-users/zsh-syntax-highlighting PARALLEL
[WRN][1731024631.0098774433] /home/arrowboy/antigen.zsh:1715
[WRN][1731024631.0098774433] Bundle robbyrussell/oh-my-zsh already cloned locally. PARALLEL
[WRN][1731024631.0100328922] /home/arrowboy/antigen.zsh:1715
[WRN][1731024631.0100328922] Bundle robbyrussell/oh-my-zsh already cloned locally. PARALLEL
[WRN][1731024631.0101802349] /home/arrowboy/antigen.zsh:1715
[WRN][1731024631.0101802349] Bundle robbyrussell/oh-my-zsh already cloned locally. PARALLEL
[WRN][1731024631.0103204250] /home/arrowboy/antigen.zsh:1715
[WRN][1731024631.0103204250] Bundle robbyrussell/oh-my-zsh already cloned locally. PARALLEL
[WRN][1731024631.0104520321] /home/arrowboy/antigen.zsh:1715
[WRN][1731024631.0104520321] Bundle robbyrussell/oh-my-zsh already cloned locally. PARALLEL
[WRN][1731024631.0105803013] /home/arrowboy/antigen.zsh:1715
[WRN][1731024631.0105803013] Bundle robbyrussell/oh-my-zsh already cloned locally. PARALLEL
[WRN][1731024631.0107061863] /home/arrowboy/antigen.zsh:1715
[WRN][1731024631.0107061863] Bundle robbyrussell/oh-my-zsh already cloned locally. PARALLEL
[WRN][1731024631.0108428001] /home/arrowboy/antigen.zsh:1715
[WRN][1731024631.0108428001] Bundle zsh-users/zsh-syntax-highlighting already cloned locally. PARALLEL
[WRN][1731024631.0109257698] /home/arrowboy/antigen.zsh:1469
[WRN][1731024631.0109257698] Updated meta: target antigen-bundle mode repeat type pre called 17
[WRN][1731024631.0109567642] /home/arrowboy/antigen.zsh:1484
[WRN][1731024631.0109567642] Processing hooks: antigen-bundle-cached
[WRN][1731024631.0109815598] /home/arrowboy/antigen.zsh:1487
[WRN][1731024631.0109815598] Pre hook: antigen-bundle-cached --loc=lib
[WRN][1731024631.0110197067] /home/arrowboy/antigen.zsh:1505
[WRN][1731024631.0110197067] -antigen-hook-antigen-bundle --loc=lib
[TRA][1731024631.0110468864] /home/arrowboy/antigen.zsh:1438
[TRA][1731024631.0110468864] Called antigen-bundle with --loc=lib BUNDLE
[TRA][1731024631.0110468864] TRACE
-antigen-hook-antigen-bundle
-antigen-hook-handler
antigen-bundle
antigen-bundle-parallel-execute
antigen-apply-parallel-execute
-antigen-hook-handler
antigen-apply
-antigen-hook-antigen
-antigen-hook-handler
antigen
/home/arrowboy/.zshrc
[WRN][1731024631.0113899708] /home/arrowboy/antigen.zsh:1469
[WRN][1731024631.0113899708] Updated meta: target -antigen-load-env mode repeat type replace called 1
[WRN][1731024631.0114305019] /home/arrowboy/antigen.zsh:1484
[WRN][1731024631.0114305019] Processing hooks: -antigen-load-env-cached
[WRN][1731024631.0114660263] /home/arrowboy/antigen.zsh:1498
[WRN][1731024631.0114660263] Replace hook: -antigen-load-env-cached dir /home/arrowboy/.antigen/bundles/robbyrussell/oh-my-zsh btype plugin url https://github.com/robbyrussell/oh-my-zsh.git loc lib name robbyrussell/oh-my-zsh make_local_clone true
[WRN][1731024631.0115218163] /home/arrowboy/antigen.zsh:1509
[WRN][1731024631.0115218163] Replaced hooked function.
[LOG][1731024631.0115480423] /home/arrowboy/antigen.zsh:1518
[LOG][1731024631.0115480423] Return from hook -antigen-load-env with 0
[WRN][1731024631.0116429329] /home/arrowboy/antigen.zsh:1469
[WRN][1731024631.0116429329] Updated meta: target -antigen-load-source mode repeat type replace called 1
[WRN][1731024631.0116724968] /home/arrowboy/antigen.zsh:1484
[WRN][1731024631.0116724968] Processing hooks: -antigen-load-source-cached
[WRN][1731024631.0117094517] /home/arrowboy/antigen.zsh:1498
[WRN][1731024631.0117094517] Replace hook: -antigen-load-source-cached /home/arrowboy/.antigen/bundles/robbyrussell/oh-my-zsh/lib/async_prompt.zsh /home/arrowboy/.antigen/bundles/robbyrussell/oh-my-zsh/lib/bzr.zsh /home/arrowboy/.antigen/bundles/robbyrussell/oh-my-zsh/lib/clipboard.zsh /home/arrowboy/.antigen/bundles/robbyrussell/oh-my-zsh/lib/cli.zsh /home/arrowboy/.antigen/bundles/robbyrussell/oh-my-zsh/lib/compfix.zsh /home/arrowboy/.antigen/bundles/robbyrussell/oh-my-zsh/lib/completion.zsh /home/arrowboy/.antigen/bundles/robbyrussell/oh-my-zsh/lib/correction.zsh /home/arrowboy/.antigen/bundles/robbyrussell/oh-my-zsh/lib/diagnostics.zsh /home/arrowboy/.antigen/bundles/robbyrussell/oh-my-zsh/lib/directories.zsh /home/arrowboy/.antigen/bundles/robbyrussell/oh-my-zsh/lib/functions.zsh /home/arrowboy/.antigen/bundles/robbyrussell/oh-my-zsh/lib/git.zsh /home/arrowboy/.antigen/bundles/robbyrussell/oh-my-zsh/lib/grep.zsh /home/arrowboy/.antigen/bundles/robbyrussell/oh-my-zsh/lib/history.zsh /home/arrowboy/.antigen/bundles/robbyrussell/oh-my-zsh/lib/key-bindings.zsh /home/arrowboy/.antigen/bundles/robbyrussell/oh-my-zsh/lib/misc.zsh /home/arrowboy/.antigen/bundles/robbyrussell/oh-my-zsh/lib/nvm.zsh /home/arrowboy/.antigen/bundles/robbyrussell/oh-my-zsh/lib/prompt_info_functions.zsh /home/arrowboy/.antigen/bundles/robbyrussell/oh-my-zsh/lib/spectrum.zsh /home/arrowboy/.antigen/bundles/robbyrussell/oh-my-zsh/lib/termsupport.zsh /home/arrowboy/.antigen/bundles/robbyrussell/oh-my-zsh/lib/theme-and-appearance.zsh /home/arrowboy/.antigen/bundles/robbyrussell/oh-my-zsh/lib/vcs_info.zsh
[WRN][1731024631.0117747784] /home/arrowboy/antigen.zsh:1509
[WRN][1731024631.0117747784] Replaced hooked function.
[LOG][1731024631.0117995739] /home/arrowboy/antigen.zsh:1518
[LOG][1731024631.0117995739] Return from hook -antigen-load-source with 0
[LOG][1731024631.0118529797] /home/arrowboy/antigen.zsh:1518
[LOG][1731024631.0118529797] Return from hook antigen-bundle with 0
[WRN][1731024631.0119194984] /home/arrowboy/antigen.zsh:1469
[WRN][1731024631.0119194984] Updated meta: target antigen-bundle mode repeat type pre called 18
[WRN][1731024631.0119493008] /home/arrowboy/antigen.zsh:1484
[WRN][1731024631.0119493008] Processing hooks: antigen-bundle-cached
[WRN][1731024631.0119729042] /home/arrowboy/antigen.zsh:1487
[WRN][1731024631.0119729042] Pre hook: antigen-bundle-cached git
[WRN][1731024631.0120098591] /home/arrowboy/antigen.zsh:1505
[WRN][1731024631.0120098591] -antigen-hook-antigen-bundle git
[TRA][1731024631.0120370388] /home/arrowboy/antigen.zsh:1438
[TRA][1731024631.0120370388] Called antigen-bundle with git BUNDLE
[TRA][1731024631.0120370388] TRACE
-antigen-hook-antigen-bundle
-antigen-hook-handler
antigen-bundle
antigen-bundle-parallel-execute
antigen-apply-parallel-execute
-antigen-hook-handler
antigen-apply
-antigen-hook-antigen
-antigen-hook-handler
antigen
/home/arrowboy/.zshrc
[WRN][1731024631.0126175880] /home/arrowboy/antigen.zsh:1469
[WRN][1731024631.0126175880] Updated meta: target -antigen-load-env mode repeat type replace called 2
[WRN][1731024631.0127577782] /home/arrowboy/antigen.zsh:1484
[WRN][1731024631.0127577782] Processing hooks: -antigen-load-env-cached
[WRN][1731024631.0128550529] /home/arrowboy/antigen.zsh:1498
[WRN][1731024631.0128550529] Replace hook: -antigen-load-env-cached dir /home/arrowboy/.antigen/bundles/robbyrussell/oh-my-zsh btype plugin url https://github.com/robbyrussell/oh-my-zsh.git loc plugins/git name robbyrussell/oh-my-zsh make_local_clone true
[WRN][1731024631.0129737854] /home/arrowboy/antigen.zsh:1509
[WRN][1731024631.0129737854] Replaced hooked function.
[LOG][1731024631.0130414963] /home/arrowboy/antigen.zsh:1518
[LOG][1731024631.0130414963] Return from hook -antigen-load-env with 0
[WRN][1731024631.0132491589] /home/arrowboy/antigen.zsh:1469
[WRN][1731024631.0132491589] Updated meta: target -antigen-load-source mode repeat type replace called 2
[WRN][1731024631.0133478642] /home/arrowboy/antigen.zsh:1484
[WRN][1731024631.0133478642] Processing hooks: -antigen-load-source-cached
[WRN][1731024631.0134379864] /home/arrowboy/antigen.zsh:1498
[WRN][1731024631.0134379864] Replace hook: -antigen-load-source-cached /home/arrowboy/.antigen/bundles/robbyrussell/oh-my-zsh/plugins/git/git.plugin.zsh
[WRN][1731024631.0135366917] /home/arrowboy/antigen.zsh:1509
[WRN][1731024631.0135366917] Replaced hooked function.
[LOG][1731024631.0135936737] /home/arrowboy/antigen.zsh:1518
[LOG][1731024631.0135936737] Return from hook -antigen-load-source with 0
[LOG][1731024631.0137252808] /home/arrowboy/antigen.zsh:1518
[LOG][1731024631.0137252808] Return from hook antigen-bundle with 0
[WRN][1731024631.0138857365] /home/arrowboy/antigen.zsh:1469
[WRN][1731024631.0138857365] Updated meta: target antigen-bundle mode repeat type pre called 19
[WRN][1731024631.0139758587] /home/arrowboy/antigen.zsh:1484
[WRN][1731024631.0139758587] Processing hooks: antigen-bundle-cached
[WRN][1731024631.0140316486] /home/arrowboy/antigen.zsh:1487
[WRN][1731024631.0140316486] Pre hook: antigen-bundle-cached pip
[WRN][1731024631.0141777992] /home/arrowboy/antigen.zsh:1505
[WRN][1731024631.0141777992] -antigen-hook-antigen-bundle pip
[TRA][1731024631.0143404007] /home/arrowboy/antigen.zsh:1438
[TRA][1731024631.0143404007] Called antigen-bundle with pip BUNDLE
[TRA][1731024631.0143404007] TRACE
-antigen-hook-antigen-bundle
-antigen-hook-handler
antigen-bundle
antigen-bundle-parallel-execute
antigen-apply-parallel-execute
-antigen-hook-handler
antigen-apply
-antigen-hook-antigen
-antigen-hook-handler
antigen
/home/arrowboy/.zshrc
[WRN][1731024631.0148639679] /home/arrowboy/antigen.zsh:1469
[WRN][1731024631.0148639679] Updated meta: target -antigen-load-env mode repeat type replace called 3
[WRN][1731024631.0149137974] /home/arrowboy/antigen.zsh:1484
[WRN][1731024631.0149137974] Processing hooks: -antigen-load-env-cached
[WRN][1731024631.0149528980] /home/arrowboy/antigen.zsh:1498
[WRN][1731024631.0149528980] Replace hook: -antigen-load-env-cached dir /home/arrowboy/.antigen/bundles/robbyrussell/oh-my-zsh btype plugin url https://github.com/robbyrussell/oh-my-zsh.git loc plugins/pip name robbyrussell/oh-my-zsh make_local_clone true
[WRN][1731024631.0150051117] /home/arrowboy/antigen.zsh:1509
[WRN][1731024631.0150051117] Replaced hooked function.
[LOG][1731024631.0150313377] /home/arrowboy/antigen.zsh:1518
[LOG][1731024631.0150313377] Return from hook -antigen-load-env with 0
[WRN][1731024631.0151026249] /home/arrowboy/antigen.zsh:1469
[WRN][1731024631.0151026249] Updated meta: target -antigen-load-source mode repeat type replace called 3
[WRN][1731024631.0151464939] /home/arrowboy/antigen.zsh:1484
[WRN][1731024631.0151464939] Processing hooks: -antigen-load-source-cached
[WRN][1731024631.0151832104] /home/arrowboy/antigen.zsh:1498
[WRN][1731024631.0151832104] Replace hook: -antigen-load-source-cached /home/arrowboy/.antigen/bundles/robbyrussell/oh-my-zsh/plugins/pip/pip.plugin.zsh
[WRN][1731024631.0152332783] /home/arrowboy/antigen.zsh:1509
[WRN][1731024631.0152332783] Replaced hooked function.
[LOG][1731024631.0152592659] /home/arrowboy/antigen.zsh:1518
[LOG][1731024631.0152592659] Return from hook -antigen-load-source with 0
[LOG][1731024631.0153162479] /home/arrowboy/antigen.zsh:1518
[LOG][1731024631.0153162479] Return from hook antigen-bundle with 0
[WRN][1731024631.0153982639] /home/arrowboy/antigen.zsh:1469
[WRN][1731024631.0153982639] Updated meta: target antigen-bundle mode repeat type pre called 20
[WRN][1731024631.0154278278] /home/arrowboy/antigen.zsh:1484
[WRN][1731024631.0154278278] Processing hooks: antigen-bundle-cached
[WRN][1731024631.0154504776] /home/arrowboy/antigen.zsh:1487
[WRN][1731024631.0154504776] Pre hook: antigen-bundle-cached command-not-found
[WRN][1731024631.0154883862] /home/arrowboy/antigen.zsh:1505
[WRN][1731024631.0154883862] -antigen-hook-antigen-bundle command-not-found
[TRA][1731024631.0155158043] /home/arrowboy/antigen.zsh:1438
[TRA][1731024631.0155158043] Called antigen-bundle with command-not-found BUNDLE
[TRA][1731024631.0155158043] TRACE
-antigen-hook-antigen-bundle
-antigen-hook-handler
antigen-bundle
antigen-bundle-parallel-execute
antigen-apply-parallel-execute
-antigen-hook-handler
antigen-apply
-antigen-hook-antigen
-antigen-hook-handler
antigen
/home/arrowboy/.zshrc
[WRN][1731024631.0157804489] /home/arrowboy/antigen.zsh:1469
[WRN][1731024631.0157804489] Updated meta: target -antigen-load-env mode repeat type replace called 4
[WRN][1731024631.0158162117] /home/arrowboy/antigen.zsh:1484
[WRN][1731024631.0158162117] Processing hooks: -antigen-load-env-cached
[WRN][1731024631.0158505440] /home/arrowboy/antigen.zsh:1498
[WRN][1731024631.0158505440] Replace hook: -antigen-load-env-cached dir /home/arrowboy/.antigen/bundles/robbyrussell/oh-my-zsh btype plugin url https://github.com/robbyrussell/oh-my-zsh.git loc plugins/command-not-found name robbyrussell/oh-my-zsh make_local_clone true
[WRN][1731024631.0159015656] /home/arrowboy/antigen.zsh:1509
[WRN][1731024631.0159015656] Replaced hooked function.
[LOG][1731024631.0159265995] /home/arrowboy/antigen.zsh:1518
[LOG][1731024631.0159265995] Return from hook -antigen-load-env with 0
[WRN][1731024631.0159978867] /home/arrowboy/antigen.zsh:1469
[WRN][1731024631.0159978867] Updated meta: target -antigen-load-source mode repeat type replace called 4
[WRN][1731024631.0160274506] /home/arrowboy/antigen.zsh:1484
[WRN][1731024631.0160274506] Processing hooks: -antigen-load-source-cached
[WRN][1731024631.0160582066] /home/arrowboy/antigen.zsh:1498
[WRN][1731024631.0160582066] Replace hook: -antigen-load-source-cached /home/arrowboy/.antigen/bundles/robbyrussell/oh-my-zsh/plugins/command-not-found/command-not-found.plugin.zsh
[WRN][1731024631.0160939693] /home/arrowboy/antigen.zsh:1509
[WRN][1731024631.0160939693] Replaced hooked function.
[LOG][1731024631.0161271095] /home/arrowboy/antigen.zsh:1518
[LOG][1731024631.0161271095] Return from hook -antigen-load-source with 0
[LOG][1731024631.0161793232] /home/arrowboy/antigen.zsh:1518
[LOG][1731024631.0161793232] Return from hook antigen-bundle with 0
[WRN][1731024631.0162458420] /home/arrowboy/antigen.zsh:1469
[WRN][1731024631.0162458420] Updated meta: target antigen-bundle mode repeat type pre called 21
[WRN][1731024631.0162744522] /home/arrowboy/antigen.zsh:1484
[WRN][1731024631.0162744522] Processing hooks: antigen-bundle-cached
[WRN][1731024631.0162980556] /home/arrowboy/antigen.zsh:1487
[WRN][1731024631.0162980556] Pre hook: antigen-bundle-cached dnf
[WRN][1731024631.0163350105] /home/arrowboy/antigen.zsh:1505
[WRN][1731024631.0163350105] -antigen-hook-antigen-bundle dnf
[TRA][1731024631.0163633823] /home/arrowboy/antigen.zsh:1438
[TRA][1731024631.0163633823] Called antigen-bundle with dnf BUNDLE
[TRA][1731024631.0163633823] TRACE
-antigen-hook-antigen-bundle
-antigen-hook-handler
antigen-bundle
antigen-bundle-parallel-execute
antigen-apply-parallel-execute
-antigen-hook-handler
antigen-apply
-antigen-hook-antigen
-antigen-hook-handler
antigen
/home/arrowboy/.zshrc
[WRN][1731024631.0166139603] /home/arrowboy/antigen.zsh:1469
[WRN][1731024631.0166139603] Updated meta: target -antigen-load-env mode repeat type replace called 5
[WRN][1731024631.0166482925] /home/arrowboy/antigen.zsh:1484
[WRN][1731024631.0166482925] Processing hooks: -antigen-load-env-cached
[WRN][1731024631.0166816711] /home/arrowboy/antigen.zsh:1498
[WRN][1731024631.0166816711] Replace hook: -antigen-load-env-cached dir /home/arrowboy/.antigen/bundles/robbyrussell/oh-my-zsh btype plugin url https://github.com/robbyrussell/oh-my-zsh.git loc plugins/dnf name robbyrussell/oh-my-zsh make_local_clone true
[WRN][1731024631.0167315006] /home/arrowboy/antigen.zsh:1509
[WRN][1731024631.0167315006] Replaced hooked function.
[LOG][1731024631.0167565346] /home/arrowboy/antigen.zsh:1518
[LOG][1731024631.0167565346] Return from hook -antigen-load-env with 0
[WRN][1731024631.0168228149] /home/arrowboy/antigen.zsh:1469
[WRN][1731024631.0168228149] Updated meta: target -antigen-load-source mode repeat type replace called 5
[WRN][1731024631.0168514252] /home/arrowboy/antigen.zsh:1484
[WRN][1731024631.0168514252] Processing hooks: -antigen-load-source-cached
[WRN][1731024631.0168797970] /home/arrowboy/antigen.zsh:1498
[WRN][1731024631.0168797970] Replace hook: -antigen-load-source-cached /home/arrowboy/.antigen/bundles/robbyrussell/oh-my-zsh/plugins/dnf/dnf.plugin.zsh
[WRN][1731024631.0169155598] /home/arrowboy/antigen.zsh:1509
[WRN][1731024631.0169155598] Replaced hooked function.
[LOG][1731024631.0169391632] /home/arrowboy/antigen.zsh:1518
[LOG][1731024631.0169391632] Return from hook -antigen-load-source with 0
[LOG][1731024631.0169892311] /home/arrowboy/antigen.zsh:1518
[LOG][1731024631.0169892311] Return from hook antigen-bundle with 0
[WRN][1731024631.0170555115] /home/arrowboy/antigen.zsh:1469
[WRN][1731024631.0170555115] Updated meta: target antigen-bundle mode repeat type pre called 22
[WRN][1731024631.0170841217] /home/arrowboy/antigen.zsh:1484
[WRN][1731024631.0170841217] Processing hooks: antigen-bundle-cached
[WRN][1731024631.0171079636] /home/arrowboy/antigen.zsh:1487
[WRN][1731024631.0171079636] Pre hook: antigen-bundle-cached autosuggestions
[WRN][1731024631.0171589851] /home/arrowboy/antigen.zsh:1505
[WRN][1731024631.0171589851] -antigen-hook-antigen-bundle autosuggestions
[TRA][1731024631.0171861649] /home/arrowboy/antigen.zsh:1438
[TRA][1731024631.0171861649] Called antigen-bundle with autosuggestions BUNDLE
[TRA][1731024631.0171861649] TRACE
-antigen-hook-antigen-bundle
-antigen-hook-handler
antigen-bundle
antigen-bundle-parallel-execute
antigen-apply-parallel-execute
-antigen-hook-handler
antigen-apply
-antigen-hook-antigen
-antigen-hook-handler
antigen
/home/arrowboy/.zshrc
[WRN][1731024631.0174200535] /home/arrowboy/antigen.zsh:1469
[WRN][1731024631.0174200535] Updated meta: target -antigen-load-env mode repeat type replace called 6
[WRN][1731024631.0174534321] /home/arrowboy/antigen.zsh:1484
[WRN][1731024631.0174534321] Processing hooks: -antigen-load-env-cached
[WRN][1731024631.0174865723] /home/arrowboy/antigen.zsh:1498
[WRN][1731024631.0174865723] Replace hook: -antigen-load-env-cached dir /home/arrowboy/.antigen/bundles/robbyrussell/oh-my-zsh btype plugin url https://github.com/robbyrussell/oh-my-zsh.git loc plugins/autosuggestions name robbyrussell/oh-my-zsh make_local_clone true
[WRN][1731024631.0175364017] /home/arrowboy/antigen.zsh:1509
[WRN][1731024631.0175364017] Replaced hooked function.
[LOG][1731024631.0175626278] /home/arrowboy/antigen.zsh:1518
[LOG][1731024631.0175626278] Return from hook -antigen-load-env with 0
[WRN][1731024631.0176327229] /home/arrowboy/antigen.zsh:1469
[WRN][1731024631.0176327229] Updated meta: target -antigen-load-source mode repeat type replace called 6
[WRN][1731024631.0176610947] /home/arrowboy/antigen.zsh:1484
[WRN][1731024631.0176610947] Processing hooks: -antigen-load-source-cached
[WRN][1731024631.0176897049] /home/arrowboy/antigen.zsh:1498
[WRN][1731024631.0176897049] Replace hook: -antigen-load-source-cached
[WRN][1731024631.0177299976] /home/arrowboy/antigen.zsh:1509
[WRN][1731024631.0177299976] Replaced hooked function.
[LOG][1731024631.0177547932] /home/arrowboy/antigen.zsh:1518
[LOG][1731024631.0177547932] Return from hook -antigen-load-source with 0
[LOG][1731024631.0178036690] /home/arrowboy/antigen.zsh:1518
[LOG][1731024631.0178036690] Return from hook antigen-bundle with 0
[WRN][1731024631.0178701878] /home/arrowboy/antigen.zsh:1469
[WRN][1731024631.0178701878] Updated meta: target antigen-bundle mode repeat type pre called 23
[WRN][1731024631.0178973675] /home/arrowboy/antigen.zsh:1484
[WRN][1731024631.0178973675] Processing hooks: antigen-bundle-cached
[WRN][1731024631.0179212093] /home/arrowboy/antigen.zsh:1487
[WRN][1731024631.0179212093] Pre hook: antigen-bundle-cached heroku
[WRN][1731024631.0179579258] /home/arrowboy/antigen.zsh:1505
[WRN][1731024631.0179579258] -antigen-hook-antigen-bundle heroku
[TRA][1731024631.0179841518] /home/arrowboy/antigen.zsh:1438
[TRA][1731024631.0179841518] Called antigen-bundle with heroku BUNDLE
[TRA][1731024631.0179841518] TRACE
-antigen-hook-antigen-bundle
-antigen-hook-handler
antigen-bundle
antigen-bundle-parallel-execute
antigen-apply-parallel-execute
-antigen-hook-handler
antigen-apply
-antigen-hook-antigen
-antigen-hook-handler
antigen
/home/arrowboy/.zshrc
[WRN][1731024631.0182416439] /home/arrowboy/antigen.zsh:1469
[WRN][1731024631.0182416439] Updated meta: target -antigen-load-env mode repeat type replace called 7
[WRN][1731024631.0182762146] /home/arrowboy/antigen.zsh:1484
[WRN][1731024631.0182762146] Processing hooks: -antigen-load-env-cached
[WRN][1731024631.0183105469] /home/arrowboy/antigen.zsh:1498
[WRN][1731024631.0183105469] Replace hook: -antigen-load-env-cached dir /home/arrowboy/.antigen/bundles/robbyrussell/oh-my-zsh btype plugin url https://github.com/robbyrussell/oh-my-zsh.git loc plugins/heroku name robbyrussell/oh-my-zsh make_local_clone true
[WRN][1731024631.0183615685] /home/arrowboy/antigen.zsh:1509
[WRN][1731024631.0183615685] Replaced hooked function.
[LOG][1731024631.0183866024] /home/arrowboy/antigen.zsh:1518
[LOG][1731024631.0183866024] Return from hook -antigen-load-env with 0
[WRN][1731024631.0184519291] /home/arrowboy/antigen.zsh:1469
[WRN][1731024631.0184519291] Updated meta: target -antigen-load-source mode repeat type replace called 7
[WRN][1731024631.0184803009] /home/arrowboy/antigen.zsh:1484
[WRN][1731024631.0184803009] Processing hooks: -antigen-load-source-cached
[WRN][1731024631.0185089111] /home/arrowboy/antigen.zsh:1498
[WRN][1731024631.0185089111] Replace hook: -antigen-load-source-cached /home/arrowboy/.antigen/bundles/robbyrussell/oh-my-zsh/plugins/heroku/heroku.plugin.zsh
[WRN][1731024631.0185456276] /home/arrowboy/antigen.zsh:1509
[WRN][1731024631.0185456276] Replaced hooked function.
[LOG][1731024631.0185694695] /home/arrowboy/antigen.zsh:1518
[LOG][1731024631.0185694695] Return from hook -antigen-load-source with 0
[LOG][1731024631.0186204910] /home/arrowboy/antigen.zsh:1518
[LOG][1731024631.0186204910] Return from hook antigen-bundle with 0
[WRN][1731024631.0186846256] /home/arrowboy/antigen.zsh:1469
[WRN][1731024631.0186846256] Updated meta: target antigen-bundle mode repeat type pre called 24
[WRN][1731024631.0187118053] /home/arrowboy/antigen.zsh:1484
[WRN][1731024631.0187118053] Processing hooks: antigen-bundle-cached
[WRN][1731024631.0187356472] /home/arrowboy/antigen.zsh:1487
[WRN][1731024631.0187356472] Pre hook: antigen-bundle-cached zsh-users/zsh-syntax-highlighting
[WRN][1731024631.0187723637] /home/arrowboy/antigen.zsh:1505
[WRN][1731024631.0187723637] -antigen-hook-antigen-bundle zsh-users/zsh-syntax-highlighting
[TRA][1731024631.0187997818] /home/arrowboy/antigen.zsh:1438
[TRA][1731024631.0187997818] Called antigen-bundle with zsh-users/zsh-syntax-highlighting BUNDLE
[TRA][1731024631.0187997818] TRACE
-antigen-hook-antigen-bundle
-antigen-hook-handler
antigen-bundle
antigen-bundle-parallel-execute
antigen-apply-parallel-execute
-antigen-hook-handler
antigen-apply
-antigen-hook-antigen
-antigen-hook-handler
antigen
/home/arrowboy/.zshrc
[WRN][1731024631.0190536976] /home/arrowboy/antigen.zsh:1469
[WRN][1731024631.0190536976] Updated meta: target -antigen-load-env mode repeat type replace called 8
[WRN][1731024631.0190882683] /home/arrowboy/antigen.zsh:1484
[WRN][1731024631.0190882683] Processing hooks: -antigen-load-env-cached
[WRN][1731024631.0191297531] /home/arrowboy/antigen.zsh:1498
[WRN][1731024631.0191297531] Replace hook: -antigen-load-env-cached dir /home/arrowboy/.antigen/bundles/zsh-users/zsh-syntax-highlighting btype plugin url https://github.com/zsh-users/zsh-syntax-highlighting.git loc / name zsh-users/zsh-syntax-highlighting make_local_clone true
[WRN][1731024631.0191831589] /home/arrowboy/antigen.zsh:1509
[WRN][1731024631.0191831589] Replaced hooked function.
[LOG][1731024631.0192081928] /home/arrowboy/antigen.zsh:1518
[LOG][1731024631.0192081928] Return from hook -antigen-load-env with 0
[WRN][1731024631.0192735195] /home/arrowboy/antigen.zsh:1469
[WRN][1731024631.0192735195] Updated meta: target -antigen-load-source mode repeat type replace called 8
[WRN][1731024631.0193018913] /home/arrowboy/antigen.zsh:1484
[WRN][1731024631.0193018913] Processing hooks: -antigen-load-source-cached
[WRN][1731024631.0193316936] /home/arrowboy/antigen.zsh:1498
[WRN][1731024631.0193316936] Replace hook: -antigen-load-source-cached /home/arrowboy/.antigen/bundles/zsh-users/zsh-syntax-highlighting///zsh-syntax-highlighting.plugin.zsh
[WRN][1731024631.0193660259] /home/arrowboy/antigen.zsh:1509
[WRN][1731024631.0193660259] Replaced hooked function.
[LOG][1731024631.0193910599] /home/arrowboy/antigen.zsh:1518
[LOG][1731024631.0193910599] Return from hook -antigen-load-source with 0
[LOG][1731024631.0194408894] /home/arrowboy/antigen.zsh:1518
[LOG][1731024631.0194408894] Return from hook antigen-bundle with 0
[WRN][1731024631.0194752216] /home/arrowboy/antigen.zsh:1739
[WRN][1731024631.0194752216] Parallel install done PARALLEL
[WRN][1731024631.0195713043] /home/arrowboy/antigen.zsh:1462
[WRN][1731024631.0195713043] Ignoring hook due to mode once: antigen-apply-lock
[WRN][1731024631.0196046829] /home/arrowboy/antigen.zsh:1462
[WRN][1731024631.0196046829] Ignoring hook due to mode once: antigen-apply-parallel
[WRN][1731024631.0196330547] /home/arrowboy/antigen.zsh:1462
[WRN][1731024631.0196330547] Ignoring hook due to mode once: antigen-apply-defer
[WRN][1731024631.0196616650] /home/arrowboy/antigen.zsh:1462
[WRN][1731024631.0196616650] Ignoring hook due to mode once: antigen-apply-cached
[WRN][1731024631.0196852684] /home/arrowboy/antigen.zsh:1484
[WRN][1731024631.0196852684] Processing hooks: antigen-apply-lock antigen-apply-parallel antigen-apply-defer antigen-apply-cached
[WRN][1731024631.0197126865] /home/arrowboy/antigen.zsh:1505
[WRN][1731024631.0197126865] -antigen-hook-antigen-apply 
[LOG][1731024631.0197389126] /home/arrowboy/antigen.zsh:1438
[LOG][1731024631.0197389126] Called antigen-apply
[TRA][1731024631.0197613239] /home/arrowboy/antigen.zsh:1439
[TRA][1731024631.0197613239] Gonna create compdump file @ apply COMPDUMP
[TRA][1731024631.0197613239] TRACE
-antigen-hook-antigen-apply
-antigen-hook-handler
antigen-apply
antigen-apply-parallel-execute
-antigen-hook-handler
antigen-apply
-antigen-hook-antigen
-antigen-hook-handler
antigen
/home/arrowboy/.zshrc
[LOG][1731024631.1874065399] /home/arrowboy/antigen.zsh:1518
[LOG][1731024631.1874065399] Return from hook antigen-apply with 0
[WRN][1731024631.1875429153] /home/arrowboy/antigen.zsh:1509
[WRN][1731024631.1875429153] Replaced hooked function.
[WRN][1731024631.1875786781] /home/arrowboy/antigen.zsh:1513
[WRN][1731024631.1875786781] Post hook: antigen-apply-lock
[WRN][1731024631.1876106262] /home/arrowboy/antigen.zsh:1676
[WRN][1731024631.1876106262] Freeing antigen-lock file at /home/arrowboy/.antigen/.lock
[WRN][1731024631.1887636185] /home/arrowboy/antigen.zsh:1513
[WRN][1731024631.1887636185] Post hook: antigen-apply-cached
[LOG][1731024631.1888098717] /home/arrowboy/antigen.zsh:1893
[LOG][1731024631.1888098717] TRACE: /home/arrowboy/antigen.zsh:1514 /home/arrowboy/antigen.zsh:1441 /home/arrowboy/antigen.zsh:1447 /home/arrowboy/antigen.zsh:1506 /home/arrowboy/antigen.zsh:1441 /home/arrowboy/.zshrc:25 zsh:0
[LOG][1731024631.1891813278] /home/arrowboy/antigen.zsh:1787
[LOG][1731024631.1891813278] Gonna generate cache for /home/arrowboy/.antigen/bundles/robbyrussell/oh-my-zsh/lib /home/arrowboy/.antigen/bundles/robbyrussell/oh-my-zsh/lib/async_prompt.zsh /home/arrowboy/.antigen/bundles/robbyrussell/oh-my-zsh/lib/bzr.zsh /home/arrowboy/.antigen/bundles/robbyrussell/oh-my-zsh/lib/clipboard.zsh /home/arrowboy/.antigen/bundles/robbyrussell/oh-my-zsh/lib/cli.zsh /home/arrowboy/.antigen/bundles/robbyrussell/oh-my-zsh/lib/compfix.zsh /home/arrowboy/.antigen/bundles/robbyrussell/oh-my-zsh/lib/completion.zsh /home/arrowboy/.antigen/bundles/robbyrussell/oh-my-zsh/lib/correction.zsh /home/arrowboy/.antigen/bundles/robbyrussell/oh-my-zsh/lib/diagnostics.zsh /home/arrowboy/.antigen/bundles/robbyrussell/oh-my-zsh/lib/directories.zsh /home/arrowboy/.antigen/bundles/robbyrussell/oh-my-zsh/lib/functions.zsh /home/arrowboy/.antigen/bundles/robbyrussell/oh-my-zsh/lib/git.zsh /home/arrowboy/.antigen/bundles/robbyrussell/oh-my-zsh/lib/grep.zsh /home/arrowboy/.antigen/bundles/robbyrussell/oh-my-zsh/lib/history.zsh /home/arrowboy/.antigen/bundles/robbyrussell/oh-my-zsh/lib/key-bindings.zsh /home/arrowboy/.antigen/bundles/robbyrussell/oh-my-zsh/lib/misc.zsh /home/arrowboy/.antigen/bundles/robbyrussell/oh-my-zsh/lib/nvm.zsh /home/arrowboy/.antigen/bundles/robbyrussell/oh-my-zsh/lib/prompt_info_functions.zsh /home/arrowboy/.antigen/bundles/robbyrussell/oh-my-zsh/lib/spectrum.zsh /home/arrowboy/.antigen/bundles/robbyrussell/oh-my-zsh/lib/termsupport.zsh /home/arrowboy/.antigen/bundles/robbyrussell/oh-my-zsh/lib/theme-and-appearance.zsh /home/arrowboy/.antigen/bundles/robbyrussell/oh-my-zsh/lib/vcs_info.zsh /home/arrowboy/.antigen/bundles/robbyrussell/oh-my-zsh/plugins/git /home/arrowboy/.antigen/bundles/robbyrussell/oh-my-zsh/plugins/git/git.plugin.zsh /home/arrowboy/.antigen/bundles/robbyrussell/oh-my-zsh/plugins/pip /home/arrowboy/.antigen/bundles/robbyrussell/oh-my-zsh/plugins/pip/pip.plugin.zsh /home/arrowboy/.antigen/bundles/robbyrussell/oh-my-zsh/plugins/command-not-found /home/arrowboy/.antigen/bundles/robbyrussell/oh-my-zsh/plugins/command-not-found/command-not-found.plugin.zsh /home/arrowboy/.antigen/bundles/robbyrussell/oh-my-zsh/plugins/dnf /home/arrowboy/.antigen/bundles/robbyrussell/oh-my-zsh/plugins/dnf/dnf.plugin.zsh /home/arrowboy/.antigen/bundles/robbyrussell/oh-my-zsh/plugins/autosuggestions /home/arrowboy/.antigen/bundles/robbyrussell/oh-my-zsh/plugins/heroku /home/arrowboy/.antigen/bundles/robbyrussell/oh-my-zsh/plugins/heroku/heroku.plugin.zsh /home/arrowboy/.antigen/bundles/zsh-users/zsh-syntax-highlighting// /home/arrowboy/.antigen/bundles/zsh-users/zsh-syntax-highlighting///zsh-syntax-highlighting.plugin.zsh
[LOG][1731024631.1944479942] /home/arrowboy/antigen.zsh:1844
[LOG][1731024631.1944479942] CHECK_FILES /home/arrowboy/.zshrc /home/arrowboy/.zshrc
[LOG][1731024631.2271070480] /home/arrowboy/antigen.zsh:1518
[LOG][1731024631.2271070480] Return from hook antigen-apply with 0
[LOG][1731024631.2276377678] /home/arrowboy/antigen.zsh:1518
[LOG][1731024631.2276377678] Return from hook antigen with 0
[WRN][1731024698.4799158573] /home/arrowboy/antigen.zsh:266
[WRN][1731024698.4799158573] -antigen-interactive-mode: file:file:shfunc:shfunc $_ANTIGEN_INTERACTIVE = 
[WRN][1731024698.4800915718] /home/arrowboy/antigen.zsh:1572
[WRN][1731024698.4800915718] -antigen-lock-init return code was 0
[LOG][1731024698.4801354408] /home/arrowboy/antigen.zsh:1574
[LOG][1731024698.4801354408] LOADED EXTENSION lock EXT
[WRN][1731024698.4813036919] /home/arrowboy/antigen.zsh:1684
[WRN][1731024698.4813036919] Init parallel extension PARALLEL
[WRN][1731024698.4813511372] /home/arrowboy/antigen.zsh:266
[WRN][1731024698.4813511372] -antigen-interactive-mode: file:file:shfunc:shfunc:shfunc:eval:shfunc:shfunc $_ANTIGEN_INTERACTIVE = 
[WRN][1731024698.4813916683] /home/arrowboy/antigen.zsh:1572
[WRN][1731024698.4813916683] -antigen-parallel-init return code was 0
[LOG][1731024698.4814307690] /home/arrowboy/antigen.zsh:1574
[LOG][1731024698.4814307690] LOADED EXTENSION parallel EXT
[WRN][1731024698.4814579487] /home/arrowboy/antigen.zsh:1692
[WRN][1731024698.4814579487] Exec parallel extension PARALLEL
[WRN][1731024698.4816443920] /home/arrowboy/antigen.zsh:266
[WRN][1731024698.4816443920] -antigen-interactive-mode: file:file:shfunc:shfunc:shfunc:eval:shfunc:shfunc $_ANTIGEN_INTERACTIVE = 
[WRN][1731024698.4816849232] /home/arrowboy/antigen.zsh:1572
[WRN][1731024698.4816849232] -antigen-defer-init return code was 0
[LOG][1731024698.4817156792] /home/arrowboy/antigen.zsh:1574
[LOG][1731024698.4817156792] LOADED EXTENSION defer EXT
[WRN][1731024698.4824743271] /home/arrowboy/antigen.zsh:266
[WRN][1731024698.4824743271] -antigen-interactive-mode: file:file:shfunc:shfunc:shfunc:eval:shfunc:shfunc $_ANTIGEN_INTERACTIVE = 
[WRN][1731024698.4825835228] /home/arrowboy/antigen.zsh:1572
[WRN][1731024698.4825835228] -antigen-cache-init return code was 0
[LOG][1731024698.4826097488] /home/arrowboy/antigen.zsh:1574
[LOG][1731024698.4826097488] LOADED EXTENSION cache EXT
[WRN][1731024698.4837887287] /home/arrowboy/antigen.zsh:1469
[WRN][1731024698.4837887287] Updated meta: target antigen mode once type pre called 1
[WRN][1731024698.4838302135] /home/arrowboy/antigen.zsh:1484
[WRN][1731024698.4838302135] Processing hooks: antigen-lock
[WRN][1731024698.4838564396] /home/arrowboy/antigen.zsh:1487
[WRN][1731024698.4838564396] Pre hook: antigen-lock use oh-my-zsh
[LOG][1731024698.4838836193] /home/arrowboy/antigen.zsh:1658
[LOG][1731024698.4838836193] antigen-lock called
[WRN][1731024698.4839098454] /home/arrowboy/antigen.zsh:1669
[WRN][1731024698.4839098454] Creating antigen-lock file at /home/arrowboy/.antigen/.lock
[WRN][1731024698.4854948521] /home/arrowboy/antigen.zsh:1505
[WRN][1731024698.4854948521] -antigen-hook-antigen use oh-my-zsh
[WRN][1731024698.4869918823] /home/arrowboy/antigen.zsh:1469
[WRN][1731024698.4869918823] Updated meta: target antigen-bundle mode repeat type replace called 1
[WRN][1731024698.4870524406] /home/arrowboy/antigen.zsh:1469
[WRN][1731024698.4870524406] Updated meta: target antigen-bundle mode repeat type pre called 1
[WRN][1731024698.4870820045] /home/arrowboy/antigen.zsh:1484
[WRN][1731024698.4870820045] Processing hooks: antigen-bundle-defer antigen-bundle-cached
[WRN][1731024698.4871082306] /home/arrowboy/antigen.zsh:1487
[WRN][1731024698.4871082306] Pre hook: antigen-bundle-cached --loc=lib
[WRN][1731024698.4871830940] /home/arrowboy/antigen.zsh:1498
[WRN][1731024698.4871830940] Replace hook: antigen-bundle-defer --loc=lib
[WRN][1731024698.4872517586] /home/arrowboy/antigen.zsh:1500
[WRN][1731024698.4872517586] antigen-bundle-defer shortcircuited
[LOG][1731024698.4873728752] /home/arrowboy/antigen.zsh:1518
[LOG][1731024698.4873728752] Return from hook antigen with 0
[WRN][1731024698.4876127243] /home/arrowboy/antigen.zsh:1462
[WRN][1731024698.4876127243] Ignoring hook due to mode once: antigen-lock
[WRN][1731024698.4876887798] /home/arrowboy/antigen.zsh:1484
[WRN][1731024698.4876887798] Processing hooks: antigen-lock
[WRN][1731024698.4877612591] /home/arrowboy/antigen.zsh:1505
[WRN][1731024698.4877612591] -antigen-hook-antigen bundle git
[WRN][1731024698.4879238605] /home/arrowboy/antigen.zsh:1469
[WRN][1731024698.4879238605] Updated meta: target antigen-bundle mode repeat type replace called 2
[WRN][1731024698.4880402088] /home/arrowboy/antigen.zsh:1469
[WRN][1731024698.4880402088] Updated meta: target antigen-bundle mode repeat type pre called 2
[WRN][1731024698.4881079197] /home/arrowboy/antigen.zsh:1484
[WRN][1731024698.4881079197] Processing hooks: antigen-bundle-defer antigen-bundle-cached
[WRN][1731024698.4881944656] /home/arrowboy/antigen.zsh:1487
[WRN][1731024698.4881944656] Pre hook: antigen-bundle-cached git
[WRN][1731024698.4883143902] /home/arrowboy/antigen.zsh:1498
[WRN][1731024698.4883143902] Replace hook: antigen-bundle-defer git
[WRN][1731024698.4884214401] /home/arrowboy/antigen.zsh:1500
[WRN][1731024698.4884214401] antigen-bundle-defer shortcircuited
[LOG][1731024698.4885411263] /home/arrowboy/antigen.zsh:1518
[LOG][1731024698.4885411263] Return from hook antigen with 0
[WRN][1731024698.4886789322] /home/arrowboy/antigen.zsh:1462
[WRN][1731024698.4886789322] Ignoring hook due to mode once: antigen-lock
[WRN][1731024698.4887359142] /home/arrowboy/antigen.zsh:1484
[WRN][1731024698.4887359142] Processing hooks: antigen-lock
[WRN][1731024698.4887881279] /home/arrowboy/antigen.zsh:1505
[WRN][1731024698.4887881279] -antigen-hook-antigen bundle pip
[WRN][1731024698.4888925552] /home/arrowboy/antigen.zsh:1469
[WRN][1731024698.4888925552] Updated meta: target antigen-bundle mode repeat type replace called 3
[WRN][1731024698.4889626503] /home/arrowboy/antigen.zsh:1469
[WRN][1731024698.4889626503] Updated meta: target antigen-bundle mode repeat type pre called 3
[WRN][1731024698.4890184402] /home/arrowboy/antigen.zsh:1484
[WRN][1731024698.4890184402] Processing hooks: antigen-bundle-defer antigen-bundle-cached
[WRN][1731024698.4890601635] /home/arrowboy/antigen.zsh:1487
[WRN][1731024698.4890601635] Pre hook: antigen-bundle-cached pip
[WRN][1731024698.4891431332] /home/arrowboy/antigen.zsh:1498
[WRN][1731024698.4891431332] Replace hook: antigen-bundle-defer pip
[WRN][1731024698.4892036915] /home/arrowboy/antigen.zsh:1500
[WRN][1731024698.4892036915] antigen-bundle-defer shortcircuited
[LOG][1731024698.4892773628] /home/arrowboy/antigen.zsh:1518
[LOG][1731024698.4892773628] Return from hook antigen with 0
[WRN][1731024698.4893627167] /home/arrowboy/antigen.zsh:1462
[WRN][1731024698.4893627167] Ignoring hook due to mode once: antigen-lock
[WRN][1731024698.4893913269] /home/arrowboy/antigen.zsh:1484
[WRN][1731024698.4893913269] Processing hooks: antigen-lock
[WRN][1731024698.4894626141] /home/arrowboy/antigen.zsh:1505
[WRN][1731024698.4894626141] -antigen-hook-antigen bundle command-not-found
[WRN][1731024698.4895372391] /home/arrowboy/antigen.zsh:1469
[WRN][1731024698.4895372391] Updated meta: target antigen-bundle mode repeat type replace called 4
[WRN][1731024698.4895777702] /home/arrowboy/antigen.zsh:1469
[WRN][1731024698.4895777702] Updated meta: target antigen-bundle mode repeat type pre called 4
[WRN][1731024698.4896073341] /home/arrowboy/antigen.zsh:1484
[WRN][1731024698.4896073341] Processing hooks: antigen-bundle-defer antigen-bundle-cached
[WRN][1731024698.4896323681] /home/arrowboy/antigen.zsh:1487
[WRN][1731024698.4896323681] Pre hook: antigen-bundle-cached command-not-found
[WRN][1731024698.4896726608] /home/arrowboy/antigen.zsh:1498
[WRN][1731024698.4896726608] Replace hook: antigen-bundle-defer command-not-found
[WRN][1731024698.4897096157] /home/arrowboy/antigen.zsh:1500
[WRN][1731024698.4897096157] antigen-bundle-defer shortcircuited
[LOG][1731024698.4897558689] /home/arrowboy/antigen.zsh:1518
[LOG][1731024698.4897558689] Return from hook antigen with 0
[WRN][1731024698.4898176193] /home/arrowboy/antigen.zsh:1462
[WRN][1731024698.4898176193] Ignoring hook due to mode once: antigen-lock
[WRN][1731024698.4898436069] /home/arrowboy/antigen.zsh:1484
[WRN][1731024698.4898436069] Processing hooks: antigen-lock
[WRN][1731024698.4898698330] /home/arrowboy/antigen.zsh:1505
[WRN][1731024698.4898698330] -antigen-hook-antigen bundle dnf
[WRN][1731024698.4899315834] /home/arrowboy/antigen.zsh:1469
[WRN][1731024698.4899315834] Updated meta: target antigen-bundle mode repeat type replace called 5
[WRN][1731024698.4899694920] /home/arrowboy/antigen.zsh:1469
[WRN][1731024698.4899694920] Updated meta: target antigen-bundle mode repeat type pre called 5
[WRN][1731024698.4899969101] /home/arrowboy/antigen.zsh:1484
[WRN][1731024698.4899969101] Processing hooks: antigen-bundle-defer antigen-bundle-cached
[WRN][1731024698.4900193214] /home/arrowboy/antigen.zsh:1487
[WRN][1731024698.4900193214] Pre hook: antigen-bundle-cached dnf
[WRN][1731024698.4900574684] /home/arrowboy/antigen.zsh:1498
[WRN][1731024698.4900574684] Replace hook: antigen-bundle-defer dnf
[WRN][1731024698.4900894165] /home/arrowboy/antigen.zsh:1500
[WRN][1731024698.4900894165] antigen-bundle-defer shortcircuited
[LOG][1731024698.4901571274] /home/arrowboy/antigen.zsh:1518
[LOG][1731024698.4901571274] Return from hook antigen with 0
[WRN][1731024698.4902236462] /home/arrowboy/antigen.zsh:1462
[WRN][1731024698.4902236462] Ignoring hook due to mode once: antigen-lock
[WRN][1731024698.4902484417] /home/arrowboy/antigen.zsh:1484
[WRN][1731024698.4902484417] Processing hooks: antigen-lock
[WRN][1731024698.4902746677] /home/arrowboy/antigen.zsh:1505
[WRN][1731024698.4902746677] -antigen-hook-antigen bundle autosuggestions
[WRN][1731024698.4903352261] /home/arrowboy/antigen.zsh:1469
[WRN][1731024698.4903352261] Updated meta: target antigen-bundle mode repeat type replace called 6
[WRN][1731024698.4903719425] /home/arrowboy/antigen.zsh:1469
[WRN][1731024698.4903719425] Updated meta: target antigen-bundle mode repeat type pre called 6
[WRN][1731024698.4903981686] /home/arrowboy/antigen.zsh:1484
[WRN][1731024698.4903981686] Processing hooks: antigen-bundle-defer antigen-bundle-cached
[WRN][1731024698.4904217720] /home/arrowboy/antigen.zsh:1487
[WRN][1731024698.4904217720] Pre hook: antigen-bundle-cached autosuggestions
[WRN][1731024698.4904587269] /home/arrowboy/antigen.zsh:1498
[WRN][1731024698.4904587269] Replace hook: antigen-bundle-defer autosuggestions
[WRN][1731024698.4904930592] /home/arrowboy/antigen.zsh:1500
[WRN][1731024698.4904930592] antigen-bundle-defer shortcircuited
[LOG][1731024698.4905357361] /home/arrowboy/antigen.zsh:1518
[LOG][1731024698.4905357361] Return from hook antigen with 0
[WRN][1731024698.4905951023] /home/arrowboy/antigen.zsh:1462
[WRN][1731024698.4905951023] Ignoring hook due to mode once: antigen-lock
[WRN][1731024698.4906213284] /home/arrowboy/antigen.zsh:1484
[WRN][1731024698.4906213284] Processing hooks: antigen-lock
[WRN][1731024698.4906473160] /home/arrowboy/antigen.zsh:1505
[WRN][1731024698.4906473160] -antigen-hook-antigen bundle heroku
[WRN][1731024698.4907054901] /home/arrowboy/antigen.zsh:1469
[WRN][1731024698.4907054901] Updated meta: target antigen-bundle mode repeat type replace called 7
[WRN][1731024698.4907424450] /home/arrowboy/antigen.zsh:1469
[WRN][1731024698.4907424450] Updated meta: target antigen-bundle mode repeat type pre called 7
[WRN][1731024698.4907684326] /home/arrowboy/antigen.zsh:1484
[WRN][1731024698.4907684326] Processing hooks: antigen-bundle-defer antigen-bundle-cached
[WRN][1731024698.4907910824] /home/arrowboy/antigen.zsh:1487
[WRN][1731024698.4907910824] Pre hook: antigen-bundle-cached heroku
[WRN][1731024698.4908277988] /home/arrowboy/antigen.zsh:1498
[WRN][1731024698.4908277988] Replace hook: antigen-bundle-defer heroku
[WRN][1731024698.4908623695] /home/arrowboy/antigen.zsh:1500
[WRN][1731024698.4908623695] antigen-bundle-defer shortcircuited
[LOG][1731024698.4909038544] /home/arrowboy/antigen.zsh:1518
[LOG][1731024698.4909038544] Return from hook antigen with 0
[WRN][1731024698.4909656048] /home/arrowboy/antigen.zsh:1462
[WRN][1731024698.4909656048] Ignoring hook due to mode once: antigen-lock
[WRN][1731024698.4909906387] /home/arrowboy/antigen.zsh:1484
[WRN][1731024698.4909906387] Processing hooks: antigen-lock
[WRN][1731024698.4910166264] /home/arrowboy/antigen.zsh:1505
[WRN][1731024698.4910166264] -antigen-hook-antigen bundle zsh-users/zsh-syntax-highlighting
[WRN][1731024698.4910771847] /home/arrowboy/antigen.zsh:1469
[WRN][1731024698.4910771847] Updated meta: target antigen-bundle mode repeat type replace called 8
[WRN][1731024698.4911246300] /home/arrowboy/antigen.zsh:1469
[WRN][1731024698.4911246300] Updated meta: target antigen-bundle mode repeat type pre called 8
[WRN][1731024698.4911532402] /home/arrowboy/antigen.zsh:1484
[WRN][1731024698.4911532402] Processing hooks: antigen-bundle-defer antigen-bundle-cached
[WRN][1731024698.4911768436] /home/arrowboy/antigen.zsh:1487
[WRN][1731024698.4911768436] Pre hook: antigen-bundle-cached zsh-users/zsh-syntax-highlighting
[WRN][1731024698.4912149906] /home/arrowboy/antigen.zsh:1498
[WRN][1731024698.4912149906] Replace hook: antigen-bundle-defer zsh-users/zsh-syntax-highlighting
[WRN][1731024698.4912564754] /home/arrowboy/antigen.zsh:1500
[WRN][1731024698.4912564754] antigen-bundle-defer shortcircuited
[LOG][1731024698.4913003445] /home/arrowboy/antigen.zsh:1518
[LOG][1731024698.4913003445] Return from hook antigen with 0
[WRN][1731024698.4913632870] /home/arrowboy/antigen.zsh:1462
[WRN][1731024698.4913632870] Ignoring hook due to mode once: antigen-lock
[WRN][1731024698.4913895130] /home/arrowboy/antigen.zsh:1484
[WRN][1731024698.4913895130] Processing hooks: antigen-lock
[WRN][1731024698.4914143085] /home/arrowboy/antigen.zsh:1505
[WRN][1731024698.4914143085] -antigen-hook-antigen apply
[WRN][1731024698.4914784431] /home/arrowboy/antigen.zsh:1469
[WRN][1731024698.4914784431] Updated meta: target antigen-apply mode once type post called 1
[WRN][1731024698.4915165901] /home/arrowboy/antigen.zsh:1469
[WRN][1731024698.4915165901] Updated meta: target antigen-apply mode once type pre called 1
[WRN][1731024698.4915521145] /home/arrowboy/antigen.zsh:1469
[WRN][1731024698.4915521145] Updated meta: target antigen-apply mode once type replace called 1
[WRN][1731024698.4915876389] /home/arrowboy/antigen.zsh:1469
[WRN][1731024698.4915876389] Updated meta: target antigen-apply mode once type pre called 1
[WRN][1731024698.4916222095] /home/arrowboy/antigen.zsh:1469
[WRN][1731024698.4916222095] Updated meta: target antigen-apply mode once type post called 1
[WRN][1731024698.4916493893] /home/arrowboy/antigen.zsh:1484
[WRN][1731024698.4916493893] Processing hooks: antigen-apply-lock antigen-apply-parallel antigen-apply-parallel-execute antigen-apply-defer antigen-apply-cached
[WRN][1731024698.4916732311] /home/arrowboy/antigen.zsh:1487
[WRN][1731024698.4916732311] Pre hook: antigen-apply-parallel
[WRN][1731024698.4916994572] /home/arrowboy/antigen.zsh:1744
[WRN][1731024698.4916994572] Parallel pre-apply PARALLEL PRE-APPLY
[WRN][1731024698.4917657375] /home/arrowboy/antigen.zsh:1487
[WRN][1731024698.4917657375] Pre hook: antigen-apply-defer
[WRN][1731024698.4917943478] /home/arrowboy/antigen.zsh:1623
[WRN][1731024698.4917943478] Defer pre-apply DEFER PRE-APPLY
[LOG][1731024698.4918656349] /home/arrowboy/antigen.zsh:1629
[LOG][1731024698.4918656349] Processing deferred bundle: --loc=lib DEFER
[WRN][1731024698.4919285774] /home/arrowboy/antigen.zsh:1469
[WRN][1731024698.4919285774] Updated meta: target antigen-bundle mode repeat type pre called 9
[WRN][1731024698.4919700623] /home/arrowboy/antigen.zsh:1469
[WRN][1731024698.4919700623] Updated meta: target antigen-bundle mode repeat type replace called 1
[WRN][1731024698.4919984341] /home/arrowboy/antigen.zsh:1484
[WRN][1731024698.4919984341] Processing hooks: antigen-bundle-cached antigen-bundle-parallel
[WRN][1731024698.4920234680] /home/arrowboy/antigen.zsh:1487
[WRN][1731024698.4920234680] Pre hook: antigen-bundle-cached --loc=lib
[WRN][1731024698.4920625687] /home/arrowboy/antigen.zsh:1498
[WRN][1731024698.4920625687] Replace hook: antigen-bundle-parallel --loc=lib
[TRA][1731024698.4921007156] /home/arrowboy/.zshrc:1748
[TRA][1731024698.4921007156] antigen-bundle-parallel: --loc=lib PARALLEL
[TRA][1731024698.4921007156] TRACE
antigen-bundle-parallel
-antigen-hook-handler
antigen-bundle
antigen-apply-defer
-antigen-hook-handler
antigen-apply
-antigen-hook-antigen
-antigen-hook-handler
antigen
/home/arrowboy/.zshrc
[WRN][1731024698.4921884537] /home/arrowboy/antigen.zsh:1509
[WRN][1731024698.4921884537] Replaced hooked function.
[LOG][1731024698.4922158718] /home/arrowboy/antigen.zsh:1518
[LOG][1731024698.4922158718] Return from hook antigen-bundle with 0
[LOG][1731024698.4922502041] /home/arrowboy/antigen.zsh:1629
[LOG][1731024698.4922502041] Processing deferred bundle: git DEFER
[WRN][1731024698.4923048019] /home/arrowboy/antigen.zsh:1469
[WRN][1731024698.4923048019] Updated meta: target antigen-bundle mode repeat type pre called 10
[WRN][1731024698.4923417568] /home/arrowboy/antigen.zsh:1469
[WRN][1731024698.4923417568] Updated meta: target antigen-bundle mode repeat type replace called 2
[WRN][1731024698.4923689365] /home/arrowboy/antigen.zsh:1484
[WRN][1731024698.4923689365] Processing hooks: antigen-bundle-cached antigen-bundle-parallel
[WRN][1731024698.4923987389] /home/arrowboy/antigen.zsh:1487
[WRN][1731024698.4923987389] Pre hook: antigen-bundle-cached git
[WRN][1731024698.4924378395] /home/arrowboy/antigen.zsh:1498
[WRN][1731024698.4924378395] Replace hook: antigen-bundle-parallel git
[TRA][1731024698.4924650192] /home/arrowboy/.zshrc:1748
[TRA][1731024698.4924650192] antigen-bundle-parallel: git PARALLEL
[TRA][1731024698.4924650192] TRACE
antigen-bundle-parallel
-antigen-hook-handler
antigen-bundle
antigen-apply-defer
-antigen-hook-handler
antigen-apply
-antigen-hook-antigen
-antigen-hook-handler
antigen
/home/arrowboy/.zshrc
[WRN][1731024698.4924995899] /home/arrowboy/antigen.zsh:1509
[WRN][1731024698.4924995899] Replaced hooked function.
[LOG][1731024698.4925231934] /home/arrowboy/antigen.zsh:1518
[LOG][1731024698.4925231934] Return from hook antigen-bundle with 0
[LOG][1731024698.4925577641] /home/arrowboy/antigen.zsh:1629
[LOG][1731024698.4925577641] Processing deferred bundle: pip DEFER
[WRN][1731024698.4926099777] /home/arrowboy/antigen.zsh:1469
[WRN][1731024698.4926099777] Updated meta: target antigen-bundle mode repeat type pre called 11
[WRN][1731024698.4926455021] /home/arrowboy/antigen.zsh:1469
[WRN][1731024698.4926455021] Updated meta: target antigen-bundle mode repeat type replace called 3
[WRN][1731024698.4926741123] /home/arrowboy/antigen.zsh:1484
[WRN][1731024698.4926741123] Processing hooks: antigen-bundle-cached antigen-bundle-parallel
[WRN][1731024698.4926977158] /home/arrowboy/antigen.zsh:1487
[WRN][1731024698.4926977158] Pre hook: antigen-bundle-cached pip
[WRN][1731024698.4927358627] /home/arrowboy/antigen.zsh:1498
[WRN][1731024698.4927358627] Replace hook: antigen-bundle-parallel pip
[TRA][1731024698.4927630424] /home/arrowboy/.zshrc:1748
[TRA][1731024698.4927630424] antigen-bundle-parallel: pip PARALLEL
[TRA][1731024698.4927630424] TRACE
antigen-bundle-parallel
-antigen-hook-handler
antigen-bundle
antigen-apply-defer
-antigen-hook-handler
antigen-apply
-antigen-hook-antigen
-antigen-hook-handler
antigen
/home/arrowboy/.zshrc
[WRN][1731024698.4927964211] /home/arrowboy/antigen.zsh:1509
[WRN][1731024698.4927964211] Replaced hooked function.
[LOG][1731024698.4928212166] /home/arrowboy/antigen.zsh:1518
[LOG][1731024698.4928212166] Return from hook antigen-bundle with 0
[LOG][1731024698.4928557873] /home/arrowboy/antigen.zsh:1629
[LOG][1731024698.4928557873] Processing deferred bundle: command-not-found DEFER
[WRN][1731024698.4929258823] /home/arrowboy/antigen.zsh:1469
[WRN][1731024698.4929258823] Updated meta: target antigen-bundle mode repeat type pre called 12
[WRN][1731024698.4929969311] /home/arrowboy/antigen.zsh:1469
[WRN][1731024698.4929969311] Updated meta: target antigen-bundle mode repeat type replace called 4
[WRN][1731024698.4931252003] /home/arrowboy/antigen.zsh:1484
[WRN][1731024698.4931252003] Processing hooks: antigen-bundle-cached antigen-bundle-parallel
[WRN][1731024698.4931917191] /home/arrowboy/antigen.zsh:1487
[WRN][1731024698.4931917191] Pre hook: antigen-bundle-cached command-not-found
[WRN][1731024698.4932866096] /home/arrowboy/antigen.zsh:1498
[WRN][1731024698.4932866096] Replace hook: antigen-bundle-parallel command-not-found
[TRA][1731024698.4933447838] /home/arrowboy/.zshrc:1748
[TRA][1731024698.4933447838] antigen-bundle-parallel: command-not-found PARALLEL
[TRA][1731024698.4933447838] TRACE
antigen-bundle-parallel
-antigen-hook-handler
antigen-bundle
antigen-apply-defer
-antigen-hook-handler
antigen-apply
-antigen-hook-antigen
-antigen-hook-handler
antigen
/home/arrowboy/.zshrc
[WRN][1731024698.4934160709] /home/arrowboy/antigen.zsh:1509
[WRN][1731024698.4934160709] Replaced hooked function.
[LOG][1731024698.4934647083] /home/arrowboy/antigen.zsh:1518
[LOG][1731024698.4934647083] Return from hook antigen-bundle with 0
[LOG][1731024698.4935359955] /home/arrowboy/antigen.zsh:1629
[LOG][1731024698.4935359955] Processing deferred bundle: dnf DEFER
[WRN][1731024698.4936547279] /home/arrowboy/antigen.zsh:1469
[WRN][1731024698.4936547279] Updated meta: target antigen-bundle mode repeat type pre called 13
[WRN][1731024698.4937496185] /home/arrowboy/antigen.zsh:1469
[WRN][1731024698.4937496185] Updated meta: target antigen-bundle mode repeat type replace called 5
[WRN][1731024698.4938077927] /home/arrowboy/antigen.zsh:1484
[WRN][1731024698.4938077927] Processing hooks: antigen-bundle-cached antigen-bundle-parallel
[WRN][1731024698.4938554764] /home/arrowboy/antigen.zsh:1487
[WRN][1731024698.4938554764] Pre hook: antigen-bundle-cached dnf
[WRN][1731024698.4939324856] /home/arrowboy/antigen.zsh:1498
[WRN][1731024698.4939324856] Replace hook: antigen-bundle-parallel dnf
[TRA][1731024698.4939870834] /home/arrowboy/.zshrc:1748
[TRA][1731024698.4939870834] antigen-bundle-parallel: dnf PARALLEL
[TRA][1731024698.4939870834] TRACE
antigen-bundle-parallel
-antigen-hook-handler
antigen-bundle
antigen-apply-defer
-antigen-hook-handler
antigen-apply
-antigen-hook-antigen
-antigen-hook-handler
antigen
/home/arrowboy/.zshrc
[WRN][1731024698.4940536022] /home/arrowboy/antigen.zsh:1509
[WRN][1731024698.4940536022] Replaced hooked function.
[LOG][1731024698.4941022396] /home/arrowboy/antigen.zsh:1518
[LOG][1731024698.4941022396] Return from hook antigen-bundle with 0
[LOG][1731024698.4941890240] /home/arrowboy/antigen.zsh:1629
[LOG][1731024698.4941890240] Processing deferred bundle: autosuggestions DEFER
[WRN][1731024698.4943017960] /home/arrowboy/antigen.zsh:1469
[WRN][1731024698.4943017960] Updated meta: target antigen-bundle mode repeat type pre called 14
[WRN][1731024698.4943730831] /home/arrowboy/antigen.zsh:1469
[WRN][1731024698.4943730831] Updated meta: target antigen-bundle mode repeat type replace called 6
[WRN][1731024698.4944097996] /home/arrowboy/antigen.zsh:1484
[WRN][1731024698.4944097996] Processing hooks: antigen-bundle-cached antigen-bundle-parallel
[WRN][1731024698.4944336414] /home/arrowboy/antigen.zsh:1487
[WRN][1731024698.4944336414] Pre hook: antigen-bundle-cached autosuggestions
[WRN][1731024698.4944727421] /home/arrowboy/antigen.zsh:1498
[WRN][1731024698.4944727421] Replace hook: antigen-bundle-parallel autosuggestions
[TRA][1731024698.4945001602] /home/arrowboy/.zshrc:1748
[TRA][1731024698.4945001602] antigen-bundle-parallel: autosuggestions PARALLEL
[TRA][1731024698.4945001602] TRACE
antigen-bundle-parallel
-antigen-hook-handler
antigen-bundle
antigen-apply-defer
-antigen-hook-handler
antigen-apply
-antigen-hook-antigen
-antigen-hook-handler
antigen
/home/arrowboy/.zshrc
[WRN][1731024698.4945344925] /home/arrowboy/antigen.zsh:1509
[WRN][1731024698.4945344925] Replaced hooked function.
[LOG][1731024698.4945595264] /home/arrowboy/antigen.zsh:1518
[LOG][1731024698.4945595264] Return from hook antigen-bundle with 0
[LOG][1731024698.4945938587] /home/arrowboy/antigen.zsh:1629
[LOG][1731024698.4945938587] Processing deferred bundle: heroku DEFER
[WRN][1731024698.4946472645] /home/arrowboy/antigen.zsh:1469
[WRN][1731024698.4946472645] Updated meta: target antigen-bundle mode repeat type pre called 15
[WRN][1731024698.4946842194] /home/arrowboy/antigen.zsh:1469
[WRN][1731024698.4946842194] Updated meta: target antigen-bundle mode repeat type replace called 7
[WRN][1731024698.4947125912] /home/arrowboy/antigen.zsh:1484
[WRN][1731024698.4947125912] Processing hooks: antigen-bundle-cached antigen-bundle-parallel
[WRN][1731024698.4947423935] /home/arrowboy/antigen.zsh:1487
[WRN][1731024698.4947423935] Pre hook: antigen-bundle-cached heroku
[WRN][1731024698.4947934151] /home/arrowboy/antigen.zsh:1498
[WRN][1731024698.4947934151] Replace hook: antigen-bundle-parallel heroku
[TRA][1731024698.4948241711] /home/arrowboy/.zshrc:1748
[TRA][1731024698.4948241711] antigen-bundle-parallel: heroku PARALLEL
[TRA][1731024698.4948241711] TRACE
antigen-bundle-parallel
-antigen-hook-handler
antigen-bundle
antigen-apply-defer
-antigen-hook-handler
antigen-apply
-antigen-hook-antigen
-antigen-hook-handler
antigen
/home/arrowboy/.zshrc
[WRN][1731024698.4948587418] /home/arrowboy/antigen.zsh:1509
[WRN][1731024698.4948587418] Replaced hooked function.
[LOG][1731024698.4948918819] /home/arrowboy/antigen.zsh:1518
[LOG][1731024698.4948918819] Return from hook antigen-bundle with 0
[LOG][1731024698.4949274063] /home/arrowboy/antigen.zsh:1629
[LOG][1731024698.4949274063] Processing deferred bundle: zsh-users/zsh-syntax-highlighting DEFER
[WRN][1731024698.4949843884] /home/arrowboy/antigen.zsh:1469
[WRN][1731024698.4949843884] Updated meta: target antigen-bundle mode repeat type pre called 16
[WRN][1731024698.4950225353] /home/arrowboy/antigen.zsh:1469
[WRN][1731024698.4950225353] Updated meta: target antigen-bundle mode repeat type replace called 8
[WRN][1731024698.4950497150] /home/arrowboy/antigen.zsh:1484
[WRN][1731024698.4950497150] Processing hooks: antigen-bundle-cached antigen-bundle-parallel
[WRN][1731024698.4950735569] /home/arrowboy/antigen.zsh:1487
[WRN][1731024698.4950735569] Pre hook: antigen-bundle-cached zsh-users/zsh-syntax-highlighting
[WRN][1731024698.4951233864] /home/arrowboy/antigen.zsh:1498
[WRN][1731024698.4951233864] Replace hook: antigen-bundle-parallel zsh-users/zsh-syntax-highlighting
[TRA][1731024698.4951577187] /home/arrowboy/.zshrc:1748
[TRA][1731024698.4951577187] antigen-bundle-parallel: zsh-users/zsh-syntax-highlighting PARALLEL
[TRA][1731024698.4951577187] TRACE
antigen-bundle-parallel
-antigen-hook-handler
antigen-bundle
antigen-apply-defer
-antigen-hook-handler
antigen-apply
-antigen-hook-antigen
-antigen-hook-handler
antigen
/home/arrowboy/.zshrc
[WRN][1731024698.4951934814] /home/arrowboy/antigen.zsh:1509
[WRN][1731024698.4951934814] Replaced hooked function.
[LOG][1731024698.4952182770] /home/arrowboy/antigen.zsh:1518
[LOG][1731024698.4952182770] Return from hook antigen-bundle with 0
[WRN][1731024698.4952683449] /home/arrowboy/antigen.zsh:1498
[WRN][1731024698.4952683449] Replace hook: antigen-apply-parallel-execute
[WRN][1731024698.4952943325] /home/arrowboy/antigen.zsh:1756
[WRN][1731024698.4952943325] Parallel replace-apply PARALLEL REPLACE-APPLY
[WRN][1731024698.4953608513] /home/arrowboy/antigen.zsh:1695
[WRN][1731024698.4953608513] Parallel antigen-bundle-parallel-execute PARALLEL
[WRN][1731024698.4953904152] /home/arrowboy/antigen.zsh:1699
[WRN][1731024698.4953904152] Gonna install in parallel 8 bundles. PARALLEL
[WRN][1731024698.4954130650] /home/arrowboy/antigen.zsh:1701
[WRN][1731024698.4954130650] --loc=lib git pip command-not-found dnf autosuggestions heroku zsh-users/zsh-syntax-highlighting PARALLEL
[WRN][1731024698.4956660271] /home/arrowboy/antigen.zsh:1715
[WRN][1731024698.4956660271] Bundle robbyrussell/oh-my-zsh already cloned locally. PARALLEL
[WRN][1731024698.4958274364] /home/arrowboy/antigen.zsh:1715
[WRN][1731024698.4958274364] Bundle robbyrussell/oh-my-zsh already cloned locally. PARALLEL
[WRN][1731024698.4959733486] /home/arrowboy/antigen.zsh:1715
[WRN][1731024698.4959733486] Bundle robbyrussell/oh-my-zsh already cloned locally. PARALLEL
[WRN][1731024698.4961278439] /home/arrowboy/antigen.zsh:1715
[WRN][1731024698.4961278439] Bundle robbyrussell/oh-my-zsh already cloned locally. PARALLEL
[WRN][1731024698.4962725639] /home/arrowboy/antigen.zsh:1715
[WRN][1731024698.4962725639] Bundle robbyrussell/oh-my-zsh already cloned locally. PARALLEL
[WRN][1731024698.4964079857] /home/arrowboy/antigen.zsh:1715
[WRN][1731024698.4964079857] Bundle robbyrussell/oh-my-zsh already cloned locally. PARALLEL
[WRN][1731024698.4965398312] /home/arrowboy/antigen.zsh:1715
[WRN][1731024698.4965398312] Bundle robbyrussell/oh-my-zsh already cloned locally. PARALLEL
[WRN][1731024698.4966809750] /home/arrowboy/antigen.zsh:1715
[WRN][1731024698.4966809750] Bundle zsh-users/zsh-syntax-highlighting already cloned locally. PARALLEL
[WRN][1731024698.4967689514] /home/arrowboy/antigen.zsh:1469
[WRN][1731024698.4967689514] Updated meta: target antigen-bundle mode repeat type pre called 17
[WRN][1731024698.4968020916] /home/arrowboy/antigen.zsh:1484
[WRN][1731024698.4968020916] Processing hooks: antigen-bundle-cached
[WRN][1731024698.4968283176] /home/arrowboy/antigen.zsh:1487
[WRN][1731024698.4968283176] Pre hook: antigen-bundle-cached --loc=lib
[WRN][1731024698.4968781471] /home/arrowboy/antigen.zsh:1505
[WRN][1731024698.4968781471] -antigen-hook-antigen-bundle --loc=lib
[TRA][1731024698.4969089031] /home/arrowboy/antigen.zsh:1438
[TRA][1731024698.4969089031] Called antigen-bundle with --loc=lib BUNDLE
[TRA][1731024698.4969089031] TRACE
-antigen-hook-antigen-bundle
-antigen-hook-handler
antigen-bundle
antigen-bundle-parallel-execute
antigen-apply-parallel-execute
-antigen-hook-handler
antigen-apply
-antigen-hook-antigen
-antigen-hook-handler
antigen
/home/arrowboy/.zshrc
[WRN][1731024698.4972746372] /home/arrowboy/antigen.zsh:1469
[WRN][1731024698.4972746372] Updated meta: target -antigen-load-env mode repeat type replace called 1
[WRN][1731024698.4973187447] /home/arrowboy/antigen.zsh:1484
[WRN][1731024698.4973187447] Processing hooks: -antigen-load-env-cached
[WRN][1731024698.4973566532] /home/arrowboy/antigen.zsh:1498
[WRN][1731024698.4973566532] Replace hook: -antigen-load-env-cached dir /home/arrowboy/.antigen/bundles/robbyrussell/oh-my-zsh btype plugin url https://github.com/robbyrussell/oh-my-zsh.git loc lib name robbyrussell/oh-my-zsh make_local_clone true
[WRN][1731024698.4974136353] /home/arrowboy/antigen.zsh:1509
[WRN][1731024698.4974136353] Replaced hooked function.
[LOG][1731024698.4974396229] /home/arrowboy/antigen.zsh:1518
[LOG][1731024698.4974396229] Return from hook -antigen-load-env with 0
[WRN][1731024698.4975335598] /home/arrowboy/antigen.zsh:1469
[WRN][1731024698.4975335598] Updated meta: target -antigen-load-source mode repeat type replace called 1
[WRN][1731024698.4975655079] /home/arrowboy/antigen.zsh:1484
[WRN][1731024698.4975655079] Processing hooks: -antigen-load-source-cached
[WRN][1731024698.4976036549] /home/arrowboy/antigen.zsh:1498
[WRN][1731024698.4976036549] Replace hook: -antigen-load-source-cached /home/arrowboy/.antigen/bundles/robbyrussell/oh-my-zsh/lib/async_prompt.zsh /home/arrowboy/.antigen/bundles/robbyrussell/oh-my-zsh/lib/bzr.zsh /home/arrowboy/.antigen/bundles/robbyrussell/oh-my-zsh/lib/clipboard.zsh /home/arrowboy/.antigen/bundles/robbyrussell/oh-my-zsh/lib/cli.zsh /home/arrowboy/.antigen/bundles/robbyrussell/oh-my-zsh/lib/compfix.zsh /home/arrowboy/.antigen/bundles/robbyrussell/oh-my-zsh/lib/completion.zsh /home/arrowboy/.antigen/bundles/robbyrussell/oh-my-zsh/lib/correction.zsh /home/arrowboy/.antigen/bundles/robbyrussell/oh-my-zsh/lib/diagnostics.zsh /home/arrowboy/.antigen/bundles/robbyrussell/oh-my-zsh/lib/directories.zsh /home/arrowboy/.antigen/bundles/robbyrussell/oh-my-zsh/lib/functions.zsh /home/arrowboy/.antigen/bundles/robbyrussell/oh-my-zsh/lib/git.zsh /home/arrowboy/.antigen/bundles/robbyrussell/oh-my-zsh/lib/grep.zsh /home/arrowboy/.antigen/bundles/robbyrussell/oh-my-zsh/lib/history.zsh /home/arrowboy/.antigen/bundles/robbyrussell/oh-my-zsh/lib/key-bindings.zsh /home/arrowboy/.antigen/bundles/robbyrussell/oh-my-zsh/lib/misc.zsh /home/arrowboy/.antigen/bundles/robbyrussell/oh-my-zsh/lib/nvm.zsh /home/arrowboy/.antigen/bundles/robbyrussell/oh-my-zsh/lib/prompt_info_functions.zsh /home/arrowboy/.antigen/bundles/robbyrussell/oh-my-zsh/lib/spectrum.zsh /home/arrowboy/.antigen/bundles/robbyrussell/oh-my-zsh/lib/termsupport.zsh /home/arrowboy/.antigen/bundles/robbyrussell/oh-my-zsh/lib/theme-and-appearance.zsh /home/arrowboy/.antigen/bundles/robbyrussell/oh-my-zsh/lib/vcs_info.zsh
[WRN][1731024698.4976711273] /home/arrowboy/antigen.zsh:1509
[WRN][1731024698.4976711273] Replaced hooked function.
[LOG][1731024698.4976961613] /home/arrowboy/antigen.zsh:1518
[LOG][1731024698.4976961613] Return from hook -antigen-load-source with 0
[LOG][1731024698.4977519512] /home/arrowboy/antigen.zsh:1518
[LOG][1731024698.4977519512] Return from hook antigen-bundle with 0
[WRN][1731024698.4978220463] /home/arrowboy/antigen.zsh:1469
[WRN][1731024698.4978220463] Updated meta: target antigen-bundle mode repeat type pre called 18
[WRN][1731024698.4978551865] /home/arrowboy/antigen.zsh:1484
[WRN][1731024698.4978551865] Processing hooks: antigen-bundle-cached
[WRN][1731024698.4978790283] /home/arrowboy/antigen.zsh:1487
[WRN][1731024698.4978790283] Pre hook: antigen-bundle-cached git
[WRN][1731024698.4979240894] /home/arrowboy/antigen.zsh:1505
[WRN][1731024698.4979240894] -antigen-hook-antigen-bundle git
[TRA][1731024698.4979526997] /home/arrowboy/antigen.zsh:1438
[TRA][1731024698.4979526997] Called antigen-bundle with git BUNDLE
[TRA][1731024698.4979526997] TRACE
-antigen-hook-antigen-bundle
-antigen-hook-handler
antigen-bundle
antigen-bundle-parallel-execute
antigen-apply-parallel-execute
-antigen-hook-handler
antigen-apply
-antigen-hook-antigen
-antigen-hook-handler
antigen
/home/arrowboy/.zshrc
[WRN][1731024698.4982519150] /home/arrowboy/antigen.zsh:1469
[WRN][1731024698.4982519150] Updated meta: target -antigen-load-env mode repeat type replace called 2
[WRN][1731024698.4982945919] /home/arrowboy/antigen.zsh:1484
[WRN][1731024698.4982945919] Processing hooks: -antigen-load-env-cached
[WRN][1731024698.4983384609] /home/arrowboy/antigen.zsh:1498
[WRN][1731024698.4983384609] Replace hook: -antigen-load-env-cached dir /home/arrowboy/.antigen/bundles/robbyrussell/oh-my-zsh btype plugin url https://github.com/robbyrussell/oh-my-zsh.git loc plugins/git name robbyrussell/oh-my-zsh make_local_clone true
[WRN][1731024698.4984049797] /home/arrowboy/antigen.zsh:1509
[WRN][1731024698.4984049797] Replaced hooked function.
[LOG][1731024698.4984369278] /home/arrowboy/antigen.zsh:1518
[LOG][1731024698.4984369278] Return from hook -antigen-load-env with 0
[WRN][1731024698.4985153675] /home/arrowboy/antigen.zsh:1469
[WRN][1731024698.4985153675] Updated meta: target -antigen-load-source mode repeat type replace called 2
[WRN][1731024698.4985475540] /home/arrowboy/antigen.zsh:1484
[WRN][1731024698.4985475540] Processing hooks: -antigen-load-source-cached
[WRN][1731024698.4985795021] /home/arrowboy/antigen.zsh:1498
[WRN][1731024698.4985795021] Replace hook: -antigen-load-source-cached /home/arrowboy/.antigen/bundles/robbyrussell/oh-my-zsh/plugins/git/git.plugin.zsh
[WRN][1731024698.4986174107] /home/arrowboy/antigen.zsh:1509
[WRN][1731024698.4986174107] Replaced hooked function.
[LOG][1731024698.4986519814] /home/arrowboy/antigen.zsh:1518
[LOG][1731024698.4986519814] Return from hook -antigen-load-source with 0
[LOG][1731024698.4987220764] /home/arrowboy/antigen.zsh:1518
[LOG][1731024698.4987220764] Return from hook antigen-bundle with 0
[WRN][1731024698.4987978935] /home/arrowboy/antigen.zsh:1469
[WRN][1731024698.4987978935] Updated meta: target antigen-bundle mode repeat type pre called 19
[WRN][1731024698.4988300800] /home/arrowboy/antigen.zsh:1484
[WRN][1731024698.4988300800] Processing hooks: antigen-bundle-cached
[WRN][1731024698.4988536835] /home/arrowboy/antigen.zsh:1487
[WRN][1731024698.4988536835] Pre hook: antigen-bundle-cached pip
[WRN][1731024698.4988918304] /home/arrowboy/antigen.zsh:1505
[WRN][1731024698.4988918304] -antigen-hook-antigen-bundle pip
[TRA][1731024698.4989190102] /home/arrowboy/antigen.zsh:1438
[TRA][1731024698.4989190102] Called antigen-bundle with pip BUNDLE
[TRA][1731024698.4989190102] TRACE
-antigen-hook-antigen-bundle
-antigen-hook-handler
antigen-bundle
antigen-bundle-parallel-execute
antigen-apply-parallel-execute
-antigen-hook-handler
antigen-apply
-antigen-hook-antigen
-antigen-hook-handler
antigen
/home/arrowboy/.zshrc
[WRN][1731024698.4993393421] /home/arrowboy/antigen.zsh:1469
[WRN][1731024698.4993393421] Updated meta: target -antigen-load-env mode repeat type replace called 3
[WRN][1731024698.4994783401] /home/arrowboy/antigen.zsh:1484
[WRN][1731024698.4994783401] Processing hooks: -antigen-load-env-cached
[WRN][1731024698.4996099472] /home/arrowboy/antigen.zsh:1498
[WRN][1731024698.4996099472] Replace hook: -antigen-load-env-cached dir /home/arrowboy/.antigen/bundles/robbyrussell/oh-my-zsh btype plugin url https://github.com/robbyrussell/oh-my-zsh.git loc plugins/pip name robbyrussell/oh-my-zsh make_local_clone true
[WRN][1731024698.4999318123] /home/arrowboy/antigen.zsh:1509
[WRN][1731024698.4999318123] Replaced hooked function.
[LOG][1731024698.5000753403] /home/arrowboy/antigen.zsh:1518
[LOG][1731024698.5000753403] Return from hook -antigen-load-env with 0
[WRN][1731024698.5002274513] /home/arrowboy/antigen.zsh:1469
[WRN][1731024698.5002274513] Updated meta: target -antigen-load-source mode repeat type replace called 3
[WRN][1731024698.5002665520] /home/arrowboy/antigen.zsh:1484
[WRN][1731024698.5002665520] Processing hooks: -antigen-load-source-cached
[WRN][1731024698.5003035069] /home/arrowboy/antigen.zsh:1498
[WRN][1731024698.5003035069] Replace hook: -antigen-load-source-cached /home/arrowboy/.antigen/bundles/robbyrussell/oh-my-zsh/plugins/pip/pip.plugin.zsh
[WRN][1731024698.5003414154] /home/arrowboy/antigen.zsh:1509
[WRN][1731024698.5003414154] Replaced hooked function.
[LOG][1731024698.5003674030] /home/arrowboy/antigen.zsh:1518
[LOG][1731024698.5003674030] Return from hook -antigen-load-source with 0
[LOG][1731024698.5004231930] /home/arrowboy/antigen.zsh:1518
[LOG][1731024698.5004231930] Return from hook antigen-bundle with 0
[WRN][1731024698.5005016327] /home/arrowboy/antigen.zsh:1469
[WRN][1731024698.5005016327] Updated meta: target antigen-bundle mode repeat type pre called 20
[WRN][1731024698.5005314350] /home/arrowboy/antigen.zsh:1484
[WRN][1731024698.5005314350] Processing hooks: antigen-bundle-cached
[WRN][1731024698.5005550385] /home/arrowboy/antigen.zsh:1487
[WRN][1731024698.5005550385] Pre hook: antigen-bundle-cached command-not-found
[WRN][1731024698.5005931854] /home/arrowboy/antigen.zsh:1505
[WRN][1731024698.5005931854] -antigen-hook-antigen-bundle command-not-found
[TRA][1731024698.5006203651] /home/arrowboy/antigen.zsh:1438
[TRA][1731024698.5006203651] Called antigen-bundle with command-not-found BUNDLE
[TRA][1731024698.5006203651] TRACE
-antigen-hook-antigen-bundle
-antigen-hook-handler
antigen-bundle
antigen-bundle-parallel-execute
antigen-apply-parallel-execute
-antigen-hook-handler
antigen-apply
-antigen-hook-antigen
-antigen-hook-handler
antigen
/home/arrowboy/.zshrc
[WRN][1731024698.5009100437] /home/arrowboy/antigen.zsh:1469
[WRN][1731024698.5009100437] Updated meta: target -antigen-load-env mode repeat type replace called 4
[WRN][1731024698.5009469986] /home/arrowboy/antigen.zsh:1484
[WRN][1731024698.5009469986] Processing hooks: -antigen-load-env-cached
[WRN][1731024698.5009825230] /home/arrowboy/antigen.zsh:1498
[WRN][1731024698.5009825230] Replace hook: -antigen-load-env-cached dir /home/arrowboy/.antigen/bundles/robbyrussell/oh-my-zsh btype plugin url https://github.com/robbyrussell/oh-my-zsh.git loc plugins/command-not-found name robbyrussell/oh-my-zsh make_local_clone true
[WRN][1731024698.5010359287] /home/arrowboy/antigen.zsh:1509
[WRN][1731024698.5010359287] Replaced hooked function.
[LOG][1731024698.5010633469] /home/arrowboy/antigen.zsh:1518
[LOG][1731024698.5010633469] Return from hook -antigen-load-env with 0
[WRN][1731024698.5011487007] /home/arrowboy/antigen.zsh:1469
[WRN][1731024698.5011487007] Updated meta: target -antigen-load-source mode repeat type replace called 4
[WRN][1731024698.5011830330] /home/arrowboy/antigen.zsh:1484
[WRN][1731024698.5011830330] Processing hooks: -antigen-load-source-cached
[WRN][1731024698.5012140274] /home/arrowboy/antigen.zsh:1498
[WRN][1731024698.5012140274] Replace hook: -antigen-load-source-cached /home/arrowboy/.antigen/bundles/robbyrussell/oh-my-zsh/plugins/command-not-found/command-not-found.plugin.zsh
[WRN][1731024698.5012519360] /home/arrowboy/antigen.zsh:1509
[WRN][1731024698.5012519360] Replaced hooked function.
[LOG][1731024698.5012769699] /home/arrowboy/antigen.zsh:1518
[LOG][1731024698.5012769699] Return from hook -antigen-load-source with 0
[LOG][1731024698.5013267994] /home/arrowboy/antigen.zsh:1518
[LOG][1731024698.5013267994] Return from hook antigen-bundle with 0
[WRN][1731024698.5013968945] /home/arrowboy/antigen.zsh:1469
[WRN][1731024698.5013968945] Updated meta: target antigen-bundle mode repeat type pre called 21
[WRN][1731024698.5014252663] /home/arrowboy/antigen.zsh:1484
[WRN][1731024698.5014252663] Processing hooks: antigen-bundle-cached
[WRN][1731024698.5014491081] /home/arrowboy/antigen.zsh:1487
[WRN][1731024698.5014491081] Pre hook: antigen-bundle-cached dnf
[WRN][1731024698.5014953613] /home/arrowboy/antigen.zsh:1505
[WRN][1731024698.5014953613] -antigen-hook-antigen-bundle dnf
[TRA][1731024698.5015239716] /home/arrowboy/antigen.zsh:1438
[TRA][1731024698.5015239716] Called antigen-bundle with dnf BUNDLE
[TRA][1731024698.5015239716] TRACE
-antigen-hook-antigen-bundle
-antigen-hook-handler
antigen-bundle
antigen-bundle-parallel-execute
antigen-apply-parallel-execute
-antigen-hook-handler
antigen-apply
-antigen-hook-antigen
-antigen-hook-handler
antigen
/home/arrowboy/.zshrc
[WRN][1731024698.5017862320] /home/arrowboy/antigen.zsh:1469
[WRN][1731024698.5017862320] Updated meta: target -antigen-load-env mode repeat type replace called 5
[WRN][1731024698.5018231869] /home/arrowboy/antigen.zsh:1484
[WRN][1731024698.5018231869] Processing hooks: -antigen-load-env-cached
[WRN][1731024698.5018587112] /home/arrowboy/antigen.zsh:1498
[WRN][1731024698.5018587112] Replace hook: -antigen-load-env-cached dir /home/arrowboy/.antigen/bundles/robbyrussell/oh-my-zsh btype plugin url https://github.com/robbyrussell/oh-my-zsh.git loc plugins/dnf name robbyrussell/oh-my-zsh make_local_clone true
[WRN][1731024698.5019097328] /home/arrowboy/antigen.zsh:1509
[WRN][1731024698.5019097328] Replaced hooked function.
[LOG][1731024698.5019383430] /home/arrowboy/antigen.zsh:1518
[LOG][1731024698.5019383430] Return from hook -antigen-load-env with 0
[WRN][1731024698.5020046234] /home/arrowboy/antigen.zsh:1469
[WRN][1731024698.5020046234] Updated meta: target -antigen-load-source mode repeat type replace called 5
[WRN][1731024698.5020344257] /home/arrowboy/antigen.zsh:1484
[WRN][1731024698.5020344257] Processing hooks: -antigen-load-source-cached
[WRN][1731024698.5020651817] /home/arrowboy/antigen.zsh:1498
[WRN][1731024698.5020651817] Replace hook: -antigen-load-source-cached /home/arrowboy/.antigen/bundles/robbyrussell/oh-my-zsh/plugins/dnf/dnf.plugin.zsh
[WRN][1731024698.5021009445] /home/arrowboy/antigen.zsh:1509
[WRN][1731024698.5021009445] Replaced hooked function.
[LOG][1731024698.5021460056] /home/arrowboy/antigen.zsh:1518
[LOG][1731024698.5021460056] Return from hook -antigen-load-source with 0
[LOG][1731024698.5022006035] /home/arrowboy/antigen.zsh:1518
[LOG][1731024698.5022006035] Return from hook antigen-bundle with 0
[WRN][1731024698.5022695065] /home/arrowboy/antigen.zsh:1469
[WRN][1731024698.5022695065] Updated meta: target antigen-bundle mode repeat type pre called 22
[WRN][1731024698.5022990704] /home/arrowboy/antigen.zsh:1484
[WRN][1731024698.5022990704] Processing hooks: antigen-bundle-cached
[WRN][1731024698.5023241043] /home/arrowboy/antigen.zsh:1487
[WRN][1731024698.5023241043] Pre hook: antigen-bundle-cached autosuggestions
[WRN][1731024698.5023620129] /home/arrowboy/antigen.zsh:1505
[WRN][1731024698.5023620129] -antigen-hook-antigen-bundle autosuggestions
[TRA][1731024698.5023894310] /home/arrowboy/antigen.zsh:1438
[TRA][1731024698.5023894310] Called antigen-bundle with autosuggestions BUNDLE
[TRA][1731024698.5023894310] TRACE
-antigen-hook-antigen-bundle
-antigen-hook-handler
antigen-bundle
antigen-bundle-parallel-execute
antigen-apply-parallel-execute
-antigen-hook-handler
antigen-apply
-antigen-hook-antigen
-antigen-hook-handler
antigen
/home/arrowboy/.zshrc
[WRN][1731024698.5026352406] /home/arrowboy/antigen.zsh:1469
[WRN][1731024698.5026352406] Updated meta: target -antigen-load-env mode repeat type replace called 6
[WRN][1731024698.5026707649] /home/arrowboy/antigen.zsh:1484
[WRN][1731024698.5026707649] Processing hooks: -antigen-load-env-cached
[WRN][1731024698.5027062893] /home/arrowboy/antigen.zsh:1498
[WRN][1731024698.5027062893] Replace hook: -antigen-load-env-cached dir /home/arrowboy/.antigen/bundles/robbyrussell/oh-my-zsh btype plugin url https://github.com/robbyrussell/oh-my-zsh.git loc plugins/autosuggestions name robbyrussell/oh-my-zsh make_local_clone true
[WRN][1731024698.5027575493] /home/arrowboy/antigen.zsh:1509
[WRN][1731024698.5027575493] Replaced hooked function.
[LOG][1731024698.5027823448] /home/arrowboy/antigen.zsh:1518
[LOG][1731024698.5027823448] Return from hook -antigen-load-env with 0
[WRN][1731024698.5028619766] /home/arrowboy/antigen.zsh:1469
[WRN][1731024698.5028619766] Updated meta: target -antigen-load-source mode repeat type replace called 6
[WRN][1731024698.5028939247] /home/arrowboy/antigen.zsh:1484
[WRN][1731024698.5028939247] Processing hooks: -antigen-load-source-cached
[WRN][1731024698.5029237270] /home/arrowboy/antigen.zsh:1498
[WRN][1731024698.5029237270] Replace hook: -antigen-load-source-cached
[WRN][1731024698.5029592514] /home/arrowboy/antigen.zsh:1509
[WRN][1731024698.5029592514] Replaced hooked function.
[LOG][1731024698.5029842854] /home/arrowboy/antigen.zsh:1518
[LOG][1731024698.5029842854] Return from hook -antigen-load-source with 0
[LOG][1731024698.5030353069] /home/arrowboy/antigen.zsh:1518
[LOG][1731024698.5030353069] Return from hook antigen-bundle with 0
[WRN][1731024698.5031030178] /home/arrowboy/antigen.zsh:1469
[WRN][1731024698.5031030178] Updated meta: target antigen-bundle mode repeat type pre called 23
[WRN][1731024698.5031456947] /home/arrowboy/antigen.zsh:1484
[WRN][1731024698.5031456947] Processing hooks: antigen-bundle-cached
[WRN][1731024698.5031707287] /home/arrowboy/antigen.zsh:1487
[WRN][1731024698.5031707287] Pre hook: antigen-bundle-cached heroku
[WRN][1731024698.5032098293] /home/arrowboy/antigen.zsh:1505
[WRN][1731024698.5032098293] -antigen-hook-antigen-bundle heroku
[TRA][1731024698.5032370090] /home/arrowboy/antigen.zsh:1438
[TRA][1731024698.5032370090] Called antigen-bundle with heroku BUNDLE
[TRA][1731024698.5032370090] TRACE
-antigen-hook-antigen-bundle
-antigen-hook-handler
antigen-bundle
antigen-bundle-parallel-execute
antigen-apply-parallel-execute
-antigen-hook-handler
antigen-apply
-antigen-hook-antigen
-antigen-hook-handler
antigen
/home/arrowboy/.zshrc
[WRN][1731024698.5034804344] /home/arrowboy/antigen.zsh:1469
[WRN][1731024698.5034804344] Updated meta: target -antigen-load-env mode repeat type replace called 7
[WRN][1731024698.5035161972] /home/arrowboy/antigen.zsh:1484
[WRN][1731024698.5035161972] Processing hooks: -antigen-load-env-cached
[WRN][1731024698.5035493374] /home/arrowboy/antigen.zsh:1498
[WRN][1731024698.5035493374] Replace hook: -antigen-load-env-cached dir /home/arrowboy/.antigen/bundles/robbyrussell/oh-my-zsh btype plugin url https://github.com/robbyrussell/oh-my-zsh.git loc plugins/heroku name robbyrussell/oh-my-zsh make_local_clone true
[WRN][1731024698.5035991669] /home/arrowboy/antigen.zsh:1509
[WRN][1731024698.5035991669] Replaced hooked function.
[LOG][1731024698.5036265850] /home/arrowboy/antigen.zsh:1518
[LOG][1731024698.5036265850] Return from hook -antigen-load-env with 0
[WRN][1731024698.5036931038] /home/arrowboy/antigen.zsh:1469
[WRN][1731024698.5036931038] Updated meta: target -antigen-load-source mode repeat type replace called 7
[WRN][1731024698.5037226677] /home/arrowboy/antigen.zsh:1484
[WRN][1731024698.5037226677] Processing hooks: -antigen-load-source-cached
[WRN][1731024698.5037524700] /home/arrowboy/antigen.zsh:1498
[WRN][1731024698.5037524700] Replace hook: -antigen-load-source-cached /home/arrowboy/.antigen/bundles/robbyrussell/oh-my-zsh/plugins/heroku/heroku.plugin.zsh
[WRN][1731024698.5037915707] /home/arrowboy/antigen.zsh:1509
[WRN][1731024698.5037915707] Replaced hooked function.
[LOG][1731024698.5038163662] /home/arrowboy/antigen.zsh:1518
[LOG][1731024698.5038163662] Return from hook -antigen-load-source with 0
[LOG][1731024698.5038664341] /home/arrowboy/antigen.zsh:1518
[LOG][1731024698.5038664341] Return from hook antigen-bundle with 0
[WRN][1731024698.5039317608] /home/arrowboy/antigen.zsh:1469
[WRN][1731024698.5039317608] Updated meta: target antigen-bundle mode repeat type pre called 24
[WRN][1731024698.5039601326] /home/arrowboy/antigen.zsh:1484
[WRN][1731024698.5039601326] Processing hooks: antigen-bundle-cached
[WRN][1731024698.5039851665] /home/arrowboy/antigen.zsh:1487
[WRN][1731024698.5039851665] Pre hook: antigen-bundle-cached zsh-users/zsh-syntax-highlighting
[WRN][1731024698.5040218830] /home/arrowboy/antigen.zsh:1505
[WRN][1731024698.5040218830] -antigen-hook-antigen-bundle zsh-users/zsh-syntax-highlighting
[TRA][1731024698.5040550232] /home/arrowboy/antigen.zsh:1438
[TRA][1731024698.5040550232] Called antigen-bundle with zsh-users/zsh-syntax-highlighting BUNDLE
[TRA][1731024698.5040550232] TRACE
-antigen-hook-antigen-bundle
-antigen-hook-handler
antigen-bundle
antigen-bundle-parallel-execute
antigen-apply-parallel-execute
-antigen-hook-handler
antigen-apply
-antigen-hook-antigen
-antigen-hook-handler
antigen
/home/arrowboy/.zshrc
[WRN][1731024698.5046179295] /home/arrowboy/antigen.zsh:1469
[WRN][1731024698.5046179295] Updated meta: target -antigen-load-env mode repeat type replace called 8
[WRN][1731024698.5047008991] /home/arrowboy/antigen.zsh:1484
[WRN][1731024698.5047008991] Processing hooks: -antigen-load-env-cached
[WRN][1731024698.5047745705] /home/arrowboy/antigen.zsh:1498
[WRN][1731024698.5047745705] Replace hook: -antigen-load-env-cached dir /home/arrowboy/.antigen/bundles/zsh-users/zsh-syntax-highlighting btype plugin url https://github.com/zsh-users/zsh-syntax-highlighting.git loc / name zsh-users/zsh-syntax-highlighting make_local_clone true
[WRN][1731024698.5048849583] /home/arrowboy/antigen.zsh:1509
[WRN][1731024698.5048849583] Replaced hooked function.
[LOG][1731024698.5049395561] /home/arrowboy/antigen.zsh:1518
[LOG][1731024698.5049395561] Return from hook -antigen-load-env with 0
[WRN][1731024698.5050785542] /home/arrowboy/antigen.zsh:1469
[WRN][1731024698.5050785542] Updated meta: target -antigen-load-source mode repeat type replace called 8
[WRN][1731024698.5051569939] /home/arrowboy/antigen.zsh:1484
[WRN][1731024698.5051569939] Processing hooks: -antigen-load-source-cached
[WRN][1731024698.5052103996] /home/arrowboy/antigen.zsh:1498
[WRN][1731024698.5052103996] Replace hook: -antigen-load-source-cached /home/arrowboy/.antigen/bundles/zsh-users/zsh-syntax-highlighting///zsh-syntax-highlighting.plugin.zsh
[WRN][1731024698.5052495003] /home/arrowboy/antigen.zsh:1509
[WRN][1731024698.5052495003] Replaced hooked function.
[LOG][1731024698.5052745342] /home/arrowboy/antigen.zsh:1518
[LOG][1731024698.5052745342] Return from hook -antigen-load-source with 0
[LOG][1731024698.5053255558] /home/arrowboy/antigen.zsh:1518
[LOG][1731024698.5053255558] Return from hook antigen-bundle with 0
[WRN][1731024698.5053634644] /home/arrowboy/antigen.zsh:1739
[WRN][1731024698.5053634644] Parallel install done PARALLEL
[WRN][1731024698.5054786205] /home/arrowboy/antigen.zsh:1462
[WRN][1731024698.5054786205] Ignoring hook due to mode once: antigen-apply-lock
[WRN][1731024698.5055141449] /home/arrowboy/antigen.zsh:1462
[WRN][1731024698.5055141449] Ignoring hook due to mode once: antigen-apply-parallel
[WRN][1731024698.5055439472] /home/arrowboy/antigen.zsh:1462
[WRN][1731024698.5055439472] Ignoring hook due to mode once: antigen-apply-defer
[WRN][1731024698.5055842400] /home/arrowboy/antigen.zsh:1462
[WRN][1731024698.5055842400] Ignoring hook due to mode once: antigen-apply-cached
[WRN][1731024698.5056104660] /home/arrowboy/antigen.zsh:1484
[WRN][1731024698.5056104660] Processing hooks: antigen-apply-lock antigen-apply-parallel antigen-apply-defer antigen-apply-cached
[WRN][1731024698.5056459904] /home/arrowboy/antigen.zsh:1505
[WRN][1731024698.5056459904] -antigen-hook-antigen-apply 
[LOG][1731024698.5056746006] /home/arrowboy/antigen.zsh:1438
[LOG][1731024698.5056746006] Called antigen-apply
[TRA][1731024698.5056982040] /home/arrowboy/antigen.zsh:1439
[TRA][1731024698.5056982040] Gonna create compdump file @ apply COMPDUMP
[TRA][1731024698.5056982040] TRACE
-antigen-hook-antigen-apply
-antigen-hook-handler
antigen-apply
antigen-apply-parallel-execute
-antigen-hook-handler
antigen-apply
-antigen-hook-antigen
-antigen-hook-handler
antigen
/home/arrowboy/.zshrc
[LOG][1731024698.6745760441] /home/arrowboy/antigen.zsh:1518
[LOG][1731024698.6745760441] Return from hook antigen-apply with 0
[WRN][1731024698.6747043133] /home/arrowboy/antigen.zsh:1509
[WRN][1731024698.6747043133] Replaced hooked function.
[WRN][1731024698.6747553349] /home/arrowboy/antigen.zsh:1513
[WRN][1731024698.6747553349] Post hook: antigen-apply-lock
[WRN][1731024698.6747968197] /home/arrowboy/antigen.zsh:1676
[WRN][1731024698.6747968197] Freeing antigen-lock file at /home/arrowboy/.antigen/.lock
[WRN][1731024698.6759390831] /home/arrowboy/antigen.zsh:1513
[WRN][1731024698.6759390831] Post hook: antigen-apply-cached
[LOG][1731024698.6759889126] /home/arrowboy/antigen.zsh:1893
[LOG][1731024698.6759889126] TRACE: /home/arrowboy/antigen.zsh:1514 /home/arrowboy/antigen.zsh:1441 /home/arrowboy/antigen.zsh:1447 /home/arrowboy/antigen.zsh:1506 /home/arrowboy/antigen.zsh:1441 /home/arrowboy/.zshrc:25 zsh:0
[LOG][1731024698.6763842106] /home/arrowboy/antigen.zsh:1787
[LOG][1731024698.6763842106] Gonna generate cache for /home/arrowboy/.antigen/bundles/robbyrussell/oh-my-zsh/lib /home/arrowboy/.antigen/bundles/robbyrussell/oh-my-zsh/lib/async_prompt.zsh /home/arrowboy/.antigen/bundles/robbyrussell/oh-my-zsh/lib/bzr.zsh /home/arrowboy/.antigen/bundles/robbyrussell/oh-my-zsh/lib/clipboard.zsh /home/arrowboy/.antigen/bundles/robbyrussell/oh-my-zsh/lib/cli.zsh /home/arrowboy/.antigen/bundles/robbyrussell/oh-my-zsh/lib/compfix.zsh /home/arrowboy/.antigen/bundles/robbyrussell/oh-my-zsh/lib/completion.zsh /home/arrowboy/.antigen/bundles/robbyrussell/oh-my-zsh/lib/correction.zsh /home/arrowboy/.antigen/bundles/robbyrussell/oh-my-zsh/lib/diagnostics.zsh /home/arrowboy/.antigen/bundles/robbyrussell/oh-my-zsh/lib/directories.zsh /home/arrowboy/.antigen/bundles/robbyrussell/oh-my-zsh/lib/functions.zsh /home/arrowboy/.antigen/bundles/robbyrussell/oh-my-zsh/lib/git.zsh /home/arrowboy/.antigen/bundles/robbyrussell/oh-my-zsh/lib/grep.zsh /home/arrowboy/.antigen/bundles/robbyrussell/oh-my-zsh/lib/history.zsh /home/arrowboy/.antigen/bundles/robbyrussell/oh-my-zsh/lib/key-bindings.zsh /home/arrowboy/.antigen/bundles/robbyrussell/oh-my-zsh/lib/misc.zsh /home/arrowboy/.antigen/bundles/robbyrussell/oh-my-zsh/lib/nvm.zsh /home/arrowboy/.antigen/bundles/robbyrussell/oh-my-zsh/lib/prompt_info_functions.zsh /home/arrowboy/.antigen/bundles/robbyrussell/oh-my-zsh/lib/spectrum.zsh /home/arrowboy/.antigen/bundles/robbyrussell/oh-my-zsh/lib/termsupport.zsh /home/arrowboy/.antigen/bundles/robbyrussell/oh-my-zsh/lib/theme-and-appearance.zsh /home/arrowboy/.antigen/bundles/robbyrussell/oh-my-zsh/lib/vcs_info.zsh /home/arrowboy/.antigen/bundles/robbyrussell/oh-my-zsh/plugins/git /home/arrowboy/.antigen/bundles/robbyrussell/oh-my-zsh/plugins/git/git.plugin.zsh /home/arrowboy/.antigen/bundles/robbyrussell/oh-my-zsh/plugins/pip /home/arrowboy/.antigen/bundles/robbyrussell/oh-my-zsh/plugins/pip/pip.plugin.zsh /home/arrowboy/.antigen/bundles/robbyrussell/oh-my-zsh/plugins/command-not-found /home/arrowboy/.antigen/bundles/robbyrussell/oh-my-zsh/plugins/command-not-found/command-not-found.plugin.zsh /home/arrowboy/.antigen/bundles/robbyrussell/oh-my-zsh/plugins/dnf /home/arrowboy/.antigen/bundles/robbyrussell/oh-my-zsh/plugins/dnf/dnf.plugin.zsh /home/arrowboy/.antigen/bundles/robbyrussell/oh-my-zsh/plugins/autosuggestions /home/arrowboy/.antigen/bundles/robbyrussell/oh-my-zsh/plugins/heroku /home/arrowboy/.antigen/bundles/robbyrussell/oh-my-zsh/plugins/heroku/heroku.plugin.zsh /home/arrowboy/.antigen/bundles/zsh-users/zsh-syntax-highlighting// /home/arrowboy/.antigen/bundles/zsh-users/zsh-syntax-highlighting///zsh-syntax-highlighting.plugin.zsh
[LOG][1731024698.6821436882] /home/arrowboy/antigen.zsh:1844
[LOG][1731024698.6821436882] CHECK_FILES /home/arrowboy/.zshrc /home/arrowboy/.zshrc
[LOG][1731024698.7134480476] /home/arrowboy/antigen.zsh:1518
[LOG][1731024698.7134480476] Return from hook antigen-apply with 0
[LOG][1731024698.7135679722] /home/arrowboy/antigen.zsh:1518
[LOG][1731024698.7135679722] Return from hook antigen with 0
[WRN][1731024735.8253562450] /home/arrowboy/antigen.zsh:266
[WRN][1731024735.8253562450] -antigen-interactive-mode: file:file:shfunc:shfunc $_ANTIGEN_INTERACTIVE = 
[WRN][1731024735.8254988194] /home/arrowboy/antigen.zsh:1572
[WRN][1731024735.8254988194] -antigen-lock-init return code was 0
[LOG][1731024735.8255283833] /home/arrowboy/antigen.zsh:1574
[LOG][1731024735.8255283833] LOADED EXTENSION lock EXT
[WRN][1731024735.8267726898] /home/arrowboy/antigen.zsh:1684
[WRN][1731024735.8267726898] Init parallel extension PARALLEL
[WRN][1731024735.8268284798] /home/arrowboy/antigen.zsh:266
[WRN][1731024735.8268284798] -antigen-interactive-mode: file:file:shfunc:shfunc:shfunc:eval:shfunc:shfunc $_ANTIGEN_INTERACTIVE = 
[WRN][1731024735.8268842697] /home/arrowboy/antigen.zsh:1572
[WRN][1731024735.8268842697] -antigen-parallel-init return code was 0
[LOG][1731024735.8269114494] /home/arrowboy/antigen.zsh:1574
[LOG][1731024735.8269114494] LOADED EXTENSION parallel EXT
[WRN][1731024735.8269388676] /home/arrowboy/antigen.zsh:1692
[WRN][1731024735.8269388676] Exec parallel extension PARALLEL
[WRN][1731024735.8271372318] /home/arrowboy/antigen.zsh:266
[WRN][1731024735.8271372318] -antigen-interactive-mode: file:file:shfunc:shfunc:shfunc:eval:shfunc:shfunc $_ANTIGEN_INTERACTIVE = 
[WRN][1731024735.8271775246] /home/arrowboy/antigen.zsh:1572
[WRN][1731024735.8271775246] -antigen-defer-init return code was 0
[LOG][1731024735.8272011280] /home/arrowboy/antigen.zsh:1574
[LOG][1731024735.8272011280] LOADED EXTENSION defer EXT
[WRN][1731024735.8276963234] /home/arrowboy/antigen.zsh:266
[WRN][1731024735.8276963234] -antigen-interactive-mode: file:file:shfunc:shfunc:shfunc:eval:shfunc:shfunc $_ANTIGEN_INTERACTIVE = 
[WRN][1731024735.8277995586] /home/arrowboy/antigen.zsh:1572
[WRN][1731024735.8277995586] -antigen-cache-init return code was 0
[LOG][1731024735.8278257847] /home/arrowboy/antigen.zsh:1574
[LOG][1731024735.8278257847] LOADED EXTENSION cache EXT
[WRN][1731024735.8288075924] /home/arrowboy/antigen.zsh:1469
[WRN][1731024735.8288075924] Updated meta: target antigen mode once type pre called 1
[WRN][1731024735.8288478851] /home/arrowboy/antigen.zsh:1484
[WRN][1731024735.8288478851] Processing hooks: antigen-lock
[WRN][1731024735.8288753033] /home/arrowboy/antigen.zsh:1487
[WRN][1731024735.8288753033] Pre hook: antigen-lock use oh-my-zsh
[LOG][1731024735.8289012909] /home/arrowboy/antigen.zsh:1658
[LOG][1731024735.8289012909] antigen-lock called
[WRN][1731024735.8289263248] /home/arrowboy/antigen.zsh:1669
[WRN][1731024735.8289263248] Creating antigen-lock file at /home/arrowboy/.antigen/.lock
[WRN][1731024735.8311238289] /home/arrowboy/antigen.zsh:1505
[WRN][1731024735.8311238289] -antigen-hook-antigen use oh-my-zsh
[WRN][1731024735.8329820633] /home/arrowboy/antigen.zsh:1469
[WRN][1731024735.8329820633] Updated meta: target antigen-bundle mode repeat type replace called 1
[WRN][1731024735.8330554962] /home/arrowboy/antigen.zsh:1469
[WRN][1731024735.8330554962] Updated meta: target antigen-bundle mode repeat type pre called 1
[WRN][1731024735.8330876827] /home/arrowboy/antigen.zsh:1484
[WRN][1731024735.8330876827] Processing hooks: antigen-bundle-defer antigen-bundle-cached
[WRN][1731024735.8331232071] /home/arrowboy/antigen.zsh:1487
[WRN][1731024735.8331232071] Pre hook: antigen-bundle-cached --loc=lib
[WRN][1731024735.8331825733] /home/arrowboy/antigen.zsh:1498
[WRN][1731024735.8331825733] Replace hook: antigen-bundle-defer --loc=lib
[WRN][1731024735.8332242966] /home/arrowboy/antigen.zsh:1500
[WRN][1731024735.8332242966] antigen-bundle-defer shortcircuited
[LOG][1731024735.8332917690] /home/arrowboy/antigen.zsh:1518
[LOG][1731024735.8332917690] Return from hook antigen with 0
[WRN][1731024735.8333761692] /home/arrowboy/antigen.zsh:1462
[WRN][1731024735.8333761692] Ignoring hook due to mode once: antigen-lock
[WRN][1731024735.8334033489] /home/arrowboy/antigen.zsh:1484
[WRN][1731024735.8334033489] Processing hooks: antigen-lock
[WRN][1731024735.8334295750] /home/arrowboy/antigen.zsh:1505
[WRN][1731024735.8334295750] -antigen-hook-antigen bundle git
[WRN][1731024735.8334972858] /home/arrowboy/antigen.zsh:1469
[WRN][1731024735.8334972858] Updated meta: target antigen-bundle mode repeat type replace called 2
[WRN][1731024735.8335351944] /home/arrowboy/antigen.zsh:1469
[WRN][1731024735.8335351944] Updated meta: target antigen-bundle mode repeat type pre called 2
[WRN][1731024735.8335757256] /home/arrowboy/antigen.zsh:1484
[WRN][1731024735.8335757256] Processing hooks: antigen-bundle-defer antigen-bundle-cached
[WRN][1731024735.8335993290] /home/arrowboy/antigen.zsh:1487
[WRN][1731024735.8335993290] Pre hook: antigen-bundle-cached git
[WRN][1731024735.8336372375] /home/arrowboy/antigen.zsh:1498
[WRN][1731024735.8336372375] Replace hook: antigen-bundle-defer git
[WRN][1731024735.8336706161] /home/arrowboy/antigen.zsh:1500
[WRN][1731024735.8336706161] antigen-bundle-defer shortcircuited
[LOG][1731024735.8337144852] /home/arrowboy/antigen.zsh:1518
[LOG][1731024735.8337144852] Return from hook antigen with 0
[WRN][1731024735.8337750435] /home/arrowboy/antigen.zsh:1462
[WRN][1731024735.8337750435] Ignoring hook due to mode once: antigen-lock
[WRN][1731024735.8338000774] /home/arrowboy/antigen.zsh:1484
[WRN][1731024735.8338000774] Processing hooks: antigen-lock
[WRN][1731024735.8338272572] /home/arrowboy/antigen.zsh:1505
[WRN][1731024735.8338272572] -antigen-hook-antigen bundle pip
[WRN][1731024735.8338878155] /home/arrowboy/antigen.zsh:1469
[WRN][1731024735.8338878155] Updated meta: target antigen-bundle mode repeat type replace called 3
[WRN][1731024735.8339247704] /home/arrowboy/antigen.zsh:1469
[WRN][1731024735.8339247704] Updated meta: target antigen-bundle mode repeat type pre called 3
[WRN][1731024735.8339507580] /home/arrowboy/antigen.zsh:1484
[WRN][1731024735.8339507580] Processing hooks: antigen-bundle-defer antigen-bundle-cached
[WRN][1731024735.8339734077] /home/arrowboy/antigen.zsh:1487
[WRN][1731024735.8339734077] Pre hook: antigen-bundle-cached pip
[WRN][1731024735.8340101242] /home/arrowboy/antigen.zsh:1498
[WRN][1731024735.8340101242] Replace hook: antigen-bundle-defer pip
[WRN][1731024735.8340435028] /home/arrowboy/antigen.zsh:1500
[WRN][1731024735.8340435028] antigen-bundle-defer shortcircuited
[LOG][1731024735.8340849876] /home/arrowboy/antigen.zsh:1518
[LOG][1731024735.8340849876] Return from hook antigen with 0
[WRN][1731024735.8341550827] /home/arrowboy/antigen.zsh:1462
[WRN][1731024735.8341550827] Ignoring hook due to mode once: antigen-lock
[WRN][1731024735.8341810703] /home/arrowboy/antigen.zsh:1484
[WRN][1731024735.8341810703] Processing hooks: antigen-lock
[WRN][1731024735.8342072964] /home/arrowboy/antigen.zsh:1505
[WRN][1731024735.8342072964] -antigen-hook-antigen bundle command-not-found
[WRN][1731024735.8342678547] /home/arrowboy/antigen.zsh:1469
[WRN][1731024735.8342678547] Updated meta: target antigen-bundle mode repeat type replace called 4
[WRN][1731024735.8343033791] /home/arrowboy/antigen.zsh:1469
[WRN][1731024735.8343033791] Updated meta: target antigen-bundle mode repeat type pre called 4
[WRN][1731024735.8343296051] /home/arrowboy/antigen.zsh:1484
[WRN][1731024735.8343296051] Processing hooks: antigen-bundle-defer antigen-bundle-cached
[WRN][1731024735.8343520164] /home/arrowboy/antigen.zsh:1487
[WRN][1731024735.8343520164] Pre hook: antigen-bundle-cached command-not-found
[WRN][1731024735.8343889713] /home/arrowboy/antigen.zsh:1498
[WRN][1731024735.8343889713] Replace hook: antigen-bundle-defer command-not-found
[WRN][1731024735.8344221115] /home/arrowboy/antigen.zsh:1500
[WRN][1731024735.8344221115] antigen-bundle-defer shortcircuited
[LOG][1731024735.8344635963] /home/arrowboy/antigen.zsh:1518
[LOG][1731024735.8344635963] Return from hook antigen with 0
[WRN][1731024735.8345205784] /home/arrowboy/antigen.zsh:1462
[WRN][1731024735.8345205784] Ignoring hook due to mode once: antigen-lock
[WRN][1731024735.8345468044] /home/arrowboy/antigen.zsh:1484
[WRN][1731024735.8345468044] Processing hooks: antigen-lock
[WRN][1731024735.8345718384] /home/arrowboy/antigen.zsh:1505
[WRN][1731024735.8345718384] -antigen-hook-antigen bundle dnf
[WRN][1731024735.8346300125] /home/arrowboy/antigen.zsh:1469
[WRN][1731024735.8346300125] Updated meta: target antigen-bundle mode repeat type replace called 5
[WRN][1731024735.8346655369] /home/arrowboy/antigen.zsh:1469
[WRN][1731024735.8346655369] Updated meta: target antigen-bundle mode repeat type pre called 5
[WRN][1731024735.8346974850] /home/arrowboy/antigen.zsh:1484
[WRN][1731024735.8346974850] Processing hooks: antigen-bundle-defer antigen-bundle-cached
[WRN][1731024735.8347213268] /home/arrowboy/antigen.zsh:1487
[WRN][1731024735.8347213268] Pre hook: antigen-bundle-cached dnf
[WRN][1731024735.8347580433] /home/arrowboy/antigen.zsh:1498
[WRN][1731024735.8347580433] Replace hook: antigen-bundle-defer dnf
[WRN][1731024735.8347926140] /home/arrowboy/antigen.zsh:1500
[WRN][1731024735.8347926140] antigen-bundle-defer shortcircuited
[LOG][1731024735.8348340988] /home/arrowboy/antigen.zsh:1518
[LOG][1731024735.8348340988] Return from hook antigen with 0
[WRN][1731024735.8348910809] /home/arrowboy/antigen.zsh:1462
[WRN][1731024735.8348910809] Ignoring hook due to mode once: antigen-lock
[WRN][1731024735.8349173069] /home/arrowboy/antigen.zsh:1484
[WRN][1731024735.8349173069] Processing hooks: antigen-lock
[WRN][1731024735.8349432945] /home/arrowboy/antigen.zsh:1505
[WRN][1731024735.8349432945] -antigen-hook-antigen bundle autosuggestions
[WRN][1731024735.8350026608] /home/arrowboy/antigen.zsh:1469
[WRN][1731024735.8350026608] Updated meta: target antigen-bundle mode repeat type replace called 6
[WRN][1731024735.8350372314] /home/arrowboy/antigen.zsh:1469
[WRN][1731024735.8350372314] Updated meta: target antigen-bundle mode repeat type pre called 6
[WRN][1731024735.8350632191] /home/arrowboy/antigen.zsh:1484
[WRN][1731024735.8350632191] Processing hooks: antigen-bundle-defer antigen-bundle-cached
[WRN][1731024735.8350870609] /home/arrowboy/antigen.zsh:1487
[WRN][1731024735.8350870609] Pre hook: antigen-bundle-cached autosuggestions
[WRN][1731024735.8351333141] /home/arrowboy/antigen.zsh:1498
[WRN][1731024735.8351333141] Replace hook: antigen-bundle-defer autosuggestions
[WRN][1731024735.8351724148] /home/arrowboy/antigen.zsh:1500
[WRN][1731024735.8351724148] antigen-bundle-defer shortcircuited
[LOG][1731024735.8352153301] /home/arrowboy/antigen.zsh:1518
[LOG][1731024735.8352153301] Return from hook antigen with 0
[WRN][1731024735.8352746964] /home/arrowboy/antigen.zsh:1462
[WRN][1731024735.8352746964] Ignoring hook due to mode once: antigen-lock
[WRN][1731024735.8352994919] /home/arrowboy/antigen.zsh:1484
[WRN][1731024735.8352994919] Processing hooks: antigen-lock
[WRN][1731024735.8353257179] /home/arrowboy/antigen.zsh:1505
[WRN][1731024735.8353257179] -antigen-hook-antigen bundle heroku
[WRN][1731024735.8353838921] /home/arrowboy/antigen.zsh:1469
[WRN][1731024735.8353838921] Updated meta: target antigen-bundle mode repeat type replace called 7
[WRN][1731024735.8354194164] /home/arrowboy/antigen.zsh:1469
[WRN][1731024735.8354194164] Updated meta: target antigen-bundle mode repeat type pre called 7
[WRN][1731024735.8354456425] /home/arrowboy/antigen.zsh:1484
[WRN][1731024735.8354456425] Processing hooks: antigen-bundle-defer antigen-bundle-cached
[WRN][1731024735.8354692459] /home/arrowboy/antigen.zsh:1487
[WRN][1731024735.8354692459] Pre hook: antigen-bundle-cached heroku
[WRN][1731024735.8355050087] /home/arrowboy/antigen.zsh:1498
[WRN][1731024735.8355050087] Replace hook: antigen-bundle-defer heroku
[WRN][1731024735.8355381489] /home/arrowboy/antigen.zsh:1500
[WRN][1731024735.8355381489] antigen-bundle-defer shortcircuited
[LOG][1731024735.8355796337] /home/arrowboy/antigen.zsh:1518
[LOG][1731024735.8355796337] Return from hook antigen with 0
[WRN][1731024735.8356401920] /home/arrowboy/antigen.zsh:1462
[WRN][1731024735.8356401920] Ignoring hook due to mode once: antigen-lock
[WRN][1731024735.8356664181] /home/arrowboy/antigen.zsh:1484
[WRN][1731024735.8356664181] Processing hooks: antigen-lock
[WRN][1731024735.8356912136] /home/arrowboy/antigen.zsh:1505
[WRN][1731024735.8356912136] -antigen-hook-antigen bundle zsh-users/zsh-syntax-highlighting
[WRN][1731024735.8357517719] /home/arrowboy/antigen.zsh:1469
[WRN][1731024735.8357517719] Updated meta: target antigen-bundle mode repeat type replace called 8
[WRN][1731024735.8357875347] /home/arrowboy/antigen.zsh:1469
[WRN][1731024735.8357875347] Updated meta: target antigen-bundle mode repeat type pre called 8
[WRN][1731024735.8358194828] /home/arrowboy/antigen.zsh:1484
[WRN][1731024735.8358194828] Processing hooks: antigen-bundle-defer antigen-bundle-cached
[WRN][1731024735.8358433247] /home/arrowboy/antigen.zsh:1487
[WRN][1731024735.8358433247] Pre hook: antigen-bundle-cached zsh-users/zsh-syntax-highlighting
[WRN][1731024735.8358800411] /home/arrowboy/antigen.zsh:1498
[WRN][1731024735.8358800411] Replace hook: antigen-bundle-defer zsh-users/zsh-syntax-highlighting
[WRN][1731024735.8359134197] /home/arrowboy/antigen.zsh:1500
[WRN][1731024735.8359134197] antigen-bundle-defer shortcircuited
[LOG][1731024735.8359560966] /home/arrowboy/antigen.zsh:1518
[LOG][1731024735.8359560966] Return from hook antigen with 0
[WRN][1731024735.8360142708] /home/arrowboy/antigen.zsh:1462
[WRN][1731024735.8360142708] Ignoring hook due to mode once: antigen-lock
[WRN][1731024735.8360390663] /home/arrowboy/antigen.zsh:1484
[WRN][1731024735.8360390663] Processing hooks: antigen-lock
[WRN][1731024735.8360641003] /home/arrowboy/antigen.zsh:1505
[WRN][1731024735.8360641003] -antigen-hook-antigen theme robbyrussell
[WRN][1731024735.8371789455] /home/arrowboy/antigen.zsh:1469
[WRN][1731024735.8371789455] Updated meta: target antigen-bundle mode repeat type replace called 9
[WRN][1731024735.8372347355] /home/arrowboy/antigen.zsh:1469
[WRN][1731024735.8372347355] Updated meta: target antigen-bundle mode repeat type pre called 9
[WRN][1731024735.8372645378] /home/arrowboy/antigen.zsh:1484
[WRN][1731024735.8372645378] Processing hooks: antigen-bundle-defer antigen-bundle-cached
[WRN][1731024735.8372893333] /home/arrowboy/antigen.zsh:1487
[WRN][1731024735.8372893333] Pre hook: antigen-bundle-cached --loc=themes/robbyrussell --btype=theme
[WRN][1731024735.8373320103] /home/arrowboy/antigen.zsh:1498
[WRN][1731024735.8373320103] Replace hook: antigen-bundle-defer --loc=themes/robbyrussell --btype=theme
[WRN][1731024735.8373689651] /home/arrowboy/antigen.zsh:1500
[WRN][1731024735.8373689651] antigen-bundle-defer shortcircuited
[LOG][1731024735.8374295235] /home/arrowboy/antigen.zsh:1518
[LOG][1731024735.8374295235] Return from hook antigen with 0
[WRN][1731024735.8375232220] /home/arrowboy/antigen.zsh:1462
[WRN][1731024735.8375232220] Ignoring hook due to mode once: antigen-lock
[WRN][1731024735.8375611305] /home/arrowboy/antigen.zsh:1484
[WRN][1731024735.8375611305] Processing hooks: antigen-lock
[WRN][1731024735.8375968933] /home/arrowboy/antigen.zsh:1505
[WRN][1731024735.8375968933] -antigen-hook-antigen apply
[WRN][1731024735.8376729488] /home/arrowboy/antigen.zsh:1469
[WRN][1731024735.8376729488] Updated meta: target antigen-apply mode once type post called 1
[WRN][1731024735.8377120495] /home/arrowboy/antigen.zsh:1469
[WRN][1731024735.8377120495] Updated meta: target antigen-apply mode once type pre called 1
[WRN][1731024735.8377475739] /home/arrowboy/antigen.zsh:1469
[WRN][1731024735.8377475739] Updated meta: target antigen-apply mode once type replace called 1
[WRN][1731024735.8377833366] /home/arrowboy/antigen.zsh:1469
[WRN][1731024735.8377833366] Updated meta: target antigen-apply mode once type pre called 1
[WRN][1731024735.8378176689] /home/arrowboy/antigen.zsh:1469
[WRN][1731024735.8378176689] Updated meta: target antigen-apply mode once type post called 1
[WRN][1731024735.8378450871] /home/arrowboy/antigen.zsh:1484
[WRN][1731024735.8378450871] Processing hooks: antigen-apply-lock antigen-apply-parallel antigen-apply-parallel-execute antigen-apply-defer antigen-apply-cached
[WRN][1731024735.8378698826] /home/arrowboy/antigen.zsh:1487
[WRN][1731024735.8378698826] Pre hook: antigen-apply-parallel
[WRN][1731024735.8378973007] /home/arrowboy/antigen.zsh:1744
[WRN][1731024735.8378973007] Parallel pre-apply PARALLEL PRE-APPLY
[WRN][1731024735.8379626274] /home/arrowboy/antigen.zsh:1487
[WRN][1731024735.8379626274] Pre hook: antigen-apply-defer
[WRN][1731024735.8379898071] /home/arrowboy/antigen.zsh:1623
[WRN][1731024735.8379898071] Defer pre-apply DEFER PRE-APPLY
[LOG][1731024735.8380587101] /home/arrowboy/antigen.zsh:1629
[LOG][1731024735.8380587101] Processing deferred bundle: --loc=lib DEFER
[WRN][1731024735.8381347656] /home/arrowboy/antigen.zsh:1469
[WRN][1731024735.8381347656] Updated meta: target antigen-bundle mode repeat type pre called 10
[WRN][1731024735.8381762505] /home/arrowboy/antigen.zsh:1469
[WRN][1731024735.8381762505] Updated meta: target antigen-bundle mode repeat type replace called 1
[WRN][1731024735.8382046223] /home/arrowboy/antigen.zsh:1484
[WRN][1731024735.8382046223] Processing hooks: antigen-bundle-cached antigen-bundle-parallel
[WRN][1731024735.8382296562] /home/arrowboy/antigen.zsh:1487
[WRN][1731024735.8382296562] Pre hook: antigen-bundle-cached --loc=lib
[WRN][1731024735.8382699490] /home/arrowboy/antigen.zsh:1498
[WRN][1731024735.8382699490] Replace hook: antigen-bundle-parallel --loc=lib
[TRA][1731024735.8383033276] /home/arrowboy/.zshrc:1748
[TRA][1731024735.8383033276] antigen-bundle-parallel: --loc=lib PARALLEL
[TRA][1731024735.8383033276] TRACE
antigen-bundle-parallel
-antigen-hook-handler
antigen-bundle
antigen-apply-defer
-antigen-hook-handler
antigen-apply
-antigen-hook-antigen
-antigen-hook-handler
antigen
/home/arrowboy/.zshrc
[WRN][1731024735.8383400440] /home/arrowboy/antigen.zsh:1509
[WRN][1731024735.8383400440] Replaced hooked function.
[LOG][1731024735.8383650780] /home/arrowboy/antigen.zsh:1518
[LOG][1731024735.8383650780] Return from hook antigen-bundle with 0
[LOG][1731024735.8383994102] /home/arrowboy/antigen.zsh:1629
[LOG][1731024735.8383994102] Processing deferred bundle: git DEFER
[WRN][1731024735.8384528160] /home/arrowboy/antigen.zsh:1469
[WRN][1731024735.8384528160] Updated meta: target antigen-bundle mode repeat type pre called 11
[WRN][1731024735.8384885788] /home/arrowboy/antigen.zsh:1469
[WRN][1731024735.8384885788] Updated meta: target antigen-bundle mode repeat type replace called 2
[WRN][1731024735.8385157585] /home/arrowboy/antigen.zsh:1484
[WRN][1731024735.8385157585] Processing hooks: antigen-bundle-cached antigen-bundle-parallel
[WRN][1731024735.8385396004] /home/arrowboy/antigen.zsh:1487
[WRN][1731024735.8385396004] Pre hook: antigen-bundle-cached git
[WRN][1731024735.8385787010] /home/arrowboy/antigen.zsh:1498
[WRN][1731024735.8385787010] Replace hook: antigen-bundle-parallel git
[TRA][1731024735.8386073112] /home/arrowboy/.zshrc:1748
[TRA][1731024735.8386073112] antigen-bundle-parallel: git PARALLEL
[TRA][1731024735.8386073112] TRACE
antigen-bundle-parallel
-antigen-hook-handler
antigen-bundle
antigen-apply-defer
-antigen-hook-handler
antigen-apply
-antigen-hook-antigen
-antigen-hook-handler
antigen
/home/arrowboy/.zshrc
[WRN][1731024735.8386404514] /home/arrowboy/antigen.zsh:1509
[WRN][1731024735.8386404514] Replaced hooked function.
[LOG][1731024735.8386654854] /home/arrowboy/antigen.zsh:1518
[LOG][1731024735.8386654854] Return from hook antigen-bundle with 0
[LOG][1731024735.8386998177] /home/arrowboy/antigen.zsh:1629
[LOG][1731024735.8386998177] Processing deferred bundle: pip DEFER
[WRN][1731024735.8387520313] /home/arrowboy/antigen.zsh:1469
[WRN][1731024735.8387520313] Updated meta: target antigen-bundle mode repeat type pre called 12
[WRN][1731024735.8387875557] /home/arrowboy/antigen.zsh:1469
[WRN][1731024735.8387875557] Updated meta: target antigen-bundle mode repeat type replace called 3
[WRN][1731024735.8388137817] /home/arrowboy/antigen.zsh:1484
[WRN][1731024735.8388137817] Processing hooks: antigen-bundle-cached antigen-bundle-parallel
[WRN][1731024735.8388376236] /home/arrowboy/antigen.zsh:1487
[WRN][1731024735.8388376236] Pre hook: antigen-bundle-cached pip
[WRN][1731024735.8388755322] /home/arrowboy/antigen.zsh:1498
[WRN][1731024735.8388755322] Replace hook: antigen-bundle-parallel pip
[TRA][1731024735.8389029503] /home/arrowboy/.zshrc:1748
[TRA][1731024735.8389029503] antigen-bundle-parallel: pip PARALLEL
[TRA][1731024735.8389029503] TRACE
antigen-bundle-parallel
-antigen-hook-handler
antigen-bundle
antigen-apply-defer
-antigen-hook-handler
antigen-apply
-antigen-hook-antigen
-antigen-hook-handler
antigen
/home/arrowboy/.zshrc
[WRN][1731024735.8389360905] /home/arrowboy/antigen.zsh:1509
[WRN][1731024735.8389360905] Replaced hooked function.
[LOG][1731024735.8389656544] /home/arrowboy/antigen.zsh:1518
[LOG][1731024735.8389656544] Return from hook antigen-bundle with 0
[LOG][1731024735.8390002251] /home/arrowboy/antigen.zsh:1629
[LOG][1731024735.8390002251] Processing deferred bundle: command-not-found DEFER
[WRN][1731024735.8390524387] /home/arrowboy/antigen.zsh:1469
[WRN][1731024735.8390524387] Updated meta: target antigen-bundle mode repeat type pre called 13
[WRN][1731024735.8390879631] /home/arrowboy/antigen.zsh:1469
[WRN][1731024735.8390879631] Updated meta: target antigen-bundle mode repeat type replace called 4
[WRN][1731024735.8391237259] /home/arrowboy/antigen.zsh:1484
[WRN][1731024735.8391237259] Processing hooks: antigen-bundle-cached antigen-bundle-parallel
[WRN][1731024735.8391532898] /home/arrowboy/antigen.zsh:1487
[WRN][1731024735.8391532898] Pre hook: antigen-bundle-cached command-not-found
[WRN][1731024735.8391926289] /home/arrowboy/antigen.zsh:1498
[WRN][1731024735.8391926289] Replace hook: antigen-bundle-parallel command-not-found
[TRA][1731024735.8392210007] /home/arrowboy/.zshrc:1748
[TRA][1731024735.8392210007] antigen-bundle-parallel: command-not-found PARALLEL
[TRA][1731024735.8392210007] TRACE
antigen-bundle-parallel
-antigen-hook-handler
antigen-bundle
antigen-apply-defer
-antigen-hook-handler
antigen-apply
-antigen-hook-antigen
-antigen-hook-handler
antigen
/home/arrowboy/.zshrc
[WRN][1731024735.8392553329] /home/arrowboy/antigen.zsh:1509
[WRN][1731024735.8392553329] Replaced hooked function.
[LOG][1731024735.8392791748] /home/arrowboy/antigen.zsh:1518
[LOG][1731024735.8392791748] Return from hook antigen-bundle with 0
[LOG][1731024735.8393125534] /home/arrowboy/antigen.zsh:1629
[LOG][1731024735.8393125534] Processing deferred bundle: dnf DEFER
[WRN][1731024735.8393635750] /home/arrowboy/antigen.zsh:1469
[WRN][1731024735.8393635750] Updated meta: target antigen-bundle mode repeat type pre called 14
[WRN][1731024735.8393979073] /home/arrowboy/antigen.zsh:1469
[WRN][1731024735.8393979073] Updated meta: target antigen-bundle mode repeat type replace called 5
[WRN][1731024735.8394253254] /home/arrowboy/antigen.zsh:1484
[WRN][1731024735.8394253254] Processing hooks: antigen-bundle-cached antigen-bundle-parallel
[WRN][1731024735.8394501209] /home/arrowboy/antigen.zsh:1487
[WRN][1731024735.8394501209] Pre hook: antigen-bundle-cached dnf
[WRN][1731024735.8394870758] /home/arrowboy/antigen.zsh:1498
[WRN][1731024735.8394870758] Replace hook: antigen-bundle-parallel dnf
[TRA][1731024735.8395142555] /home/arrowboy/.zshrc:1748
[TRA][1731024735.8395142555] antigen-bundle-parallel: dnf PARALLEL
[TRA][1731024735.8395142555] TRACE
antigen-bundle-parallel
-antigen-hook-handler
antigen-bundle
antigen-apply-defer
-antigen-hook-handler
antigen-apply
-antigen-hook-antigen
-antigen-hook-handler
antigen
/home/arrowboy/.zshrc
[WRN][1731024735.8395485878] /home/arrowboy/antigen.zsh:1509
[WRN][1731024735.8395485878] Replaced hooked function.
[LOG][1731024735.8395724297] /home/arrowboy/antigen.zsh:1518
[LOG][1731024735.8395724297] Return from hook antigen-bundle with 0
[LOG][1731024735.8396058083] /home/arrowboy/antigen.zsh:1629
[LOG][1731024735.8396058083] Processing deferred bundle: autosuggestions DEFER
[WRN][1731024735.8396568298] /home/arrowboy/antigen.zsh:1469
[WRN][1731024735.8396568298] Updated meta: target antigen-bundle mode repeat type pre called 15
[WRN][1731024735.8396911621] /home/arrowboy/antigen.zsh:1469
[WRN][1731024735.8396911621] Updated meta: target antigen-bundle mode repeat type replace called 6
[WRN][1731024735.8397173882] /home/arrowboy/antigen.zsh:1484
[WRN][1731024735.8397173882] Processing hooks: antigen-bundle-cached antigen-bundle-parallel
[WRN][1731024735.8397409916] /home/arrowboy/antigen.zsh:1487
[WRN][1731024735.8397409916] Pre hook: antigen-bundle-cached autosuggestions
[WRN][1731024735.8397791386] /home/arrowboy/antigen.zsh:1498
[WRN][1731024735.8397791386] Replace hook: antigen-bundle-parallel autosuggestions
[TRA][1731024735.8398075104] /home/arrowboy/.zshrc:1748
[TRA][1731024735.8398075104] antigen-bundle-parallel: autosuggestions PARALLEL
[TRA][1731024735.8398075104] TRACE
antigen-bundle-parallel
-antigen-hook-handler
antigen-bundle
antigen-apply-defer
-antigen-hook-handler
antigen-apply
-antigen-hook-antigen
-antigen-hook-handler
antigen
/home/arrowboy/.zshrc
[WRN][1731024735.8398454189] /home/arrowboy/antigen.zsh:1509
[WRN][1731024735.8398454189] Replaced hooked function.
[LOG][1731024735.8398704529] /home/arrowboy/antigen.zsh:1518
[LOG][1731024735.8398704529] Return from hook antigen-bundle with 0
[LOG][1731024735.8399047852] /home/arrowboy/antigen.zsh:1629
[LOG][1731024735.8399047852] Processing deferred bundle: heroku DEFER
[WRN][1731024735.8399548531] /home/arrowboy/antigen.zsh:1469
[WRN][1731024735.8399548531] Updated meta: target antigen-bundle mode repeat type pre called 16
[WRN][1731024735.8399903774] /home/arrowboy/antigen.zsh:1469
[WRN][1731024735.8399903774] Updated meta: target antigen-bundle mode repeat type replace called 7
[WRN][1731024735.8400175571] /home/arrowboy/antigen.zsh:1484
[WRN][1731024735.8400175571] Processing hooks: antigen-bundle-cached antigen-bundle-parallel
[WRN][1731024735.8400413990] /home/arrowboy/antigen.zsh:1487
[WRN][1731024735.8400413990] Pre hook: antigen-bundle-cached heroku
[WRN][1731024735.8400781155] /home/arrowboy/antigen.zsh:1498
[WRN][1731024735.8400781155] Replace hook: antigen-bundle-parallel heroku
[TRA][1731024735.8401055336] /home/arrowboy/.zshrc:1748
[TRA][1731024735.8401055336] antigen-bundle-parallel: heroku PARALLEL
[TRA][1731024735.8401055336] TRACE
antigen-bundle-parallel
-antigen-hook-handler
antigen-bundle
antigen-apply-defer
-antigen-hook-handler
antigen-apply
-antigen-hook-antigen
-antigen-hook-handler
antigen
/home/arrowboy/.zshrc
[WRN][1731024735.8401482105] /home/arrowboy/antigen.zsh:1509
[WRN][1731024735.8401482105] Replaced hooked function.
[LOG][1731024735.8401732445] /home/arrowboy/antigen.zsh:1518
[LOG][1731024735.8401732445] Return from hook antigen-bundle with 0
[LOG][1731024735.8402063847] /home/arrowboy/antigen.zsh:1629
[LOG][1731024735.8402063847] Processing deferred bundle: zsh-users/zsh-syntax-highlighting DEFER
[WRN][1731024735.8402585983] /home/arrowboy/antigen.zsh:1469
[WRN][1731024735.8402585983] Updated meta: target antigen-bundle mode repeat type pre called 17
[WRN][1731024735.8402931690] /home/arrowboy/antigen.zsh:1469
[WRN][1731024735.8402931690] Updated meta: target antigen-bundle mode repeat type replace called 8
[WRN][1731024735.8403191566] /home/arrowboy/antigen.zsh:1484
[WRN][1731024735.8403191566] Processing hooks: antigen-bundle-cached antigen-bundle-parallel
[WRN][1731024735.8403429985] /home/arrowboy/antigen.zsh:1487
[WRN][1731024735.8403429985] Pre hook: antigen-bundle-cached zsh-users/zsh-syntax-highlighting
[WRN][1731024735.8403809071] /home/arrowboy/antigen.zsh:1498
[WRN][1731024735.8403809071] Replace hook: antigen-bundle-parallel zsh-users/zsh-syntax-highlighting
[TRA][1731024735.8404095173] /home/arrowboy/.zshrc:1748
[TRA][1731024735.8404095173] antigen-bundle-parallel: zsh-users/zsh-syntax-highlighting PARALLEL
[TRA][1731024735.8404095173] TRACE
antigen-bundle-parallel
-antigen-hook-handler
antigen-bundle
antigen-apply-defer
-antigen-hook-handler
antigen-apply
-antigen-hook-antigen
-antigen-hook-handler
antigen
/home/arrowboy/.zshrc
[WRN][1731024735.8404426575] /home/arrowboy/antigen.zsh:1509
[WRN][1731024735.8404426575] Replaced hooked function.
[LOG][1731024735.8404664993] /home/arrowboy/antigen.zsh:1518
[LOG][1731024735.8404664993] Return from hook antigen-bundle with 0
[LOG][1731024735.8405008316] /home/arrowboy/antigen.zsh:1629
[LOG][1731024735.8405008316] Processing deferred bundle: --loc=themes/robbyrussell --btype=theme DEFER
[WRN][1731024735.8405518532] /home/arrowboy/antigen.zsh:1469
[WRN][1731024735.8405518532] Updated meta: target antigen-bundle mode repeat type pre called 18
[WRN][1731024735.8405864239] /home/arrowboy/antigen.zsh:1469
[WRN][1731024735.8405864239] Updated meta: target antigen-bundle mode repeat type replace called 9
[WRN][1731024735.8406183720] /home/arrowboy/antigen.zsh:1484
[WRN][1731024735.8406183720] Processing hooks: antigen-bundle-cached antigen-bundle-parallel
[WRN][1731024735.8406422138] /home/arrowboy/antigen.zsh:1487
[WRN][1731024735.8406422138] Pre hook: antigen-bundle-cached --loc=themes/robbyrussell --btype=theme
[WRN][1731024735.8406860828] /home/arrowboy/antigen.zsh:1498
[WRN][1731024735.8406860828] Replace hook: antigen-bundle-parallel --loc=themes/robbyrussell --btype=theme
[TRA][1731024735.8407263756] /home/arrowboy/.zshrc:1748
[TRA][1731024735.8407263756] antigen-bundle-parallel: --loc=themes/robbyrussell --btype=theme PARALLEL
[TRA][1731024735.8407263756] TRACE
antigen-bundle-parallel
-antigen-hook-handler
antigen-bundle
antigen-apply-defer
-antigen-hook-handler
antigen-apply
-antigen-hook-antigen
-antigen-hook-handler
antigen
/home/arrowboy/.zshrc
[WRN][1731024735.8407740593] /home/arrowboy/antigen.zsh:1509
[WRN][1731024735.8407740593] Replaced hooked function.
[LOG][1731024735.8408024311] /home/arrowboy/antigen.zsh:1518
[LOG][1731024735.8408024311] Return from hook antigen-bundle with 0
[WRN][1731024735.8408510685] /home/arrowboy/antigen.zsh:1498
[WRN][1731024735.8408510685] Replace hook: antigen-apply-parallel-execute
[WRN][1731024735.8408796787] /home/arrowboy/antigen.zsh:1756
[WRN][1731024735.8408796787] Parallel replace-apply PARALLEL REPLACE-APPLY
[WRN][1731024735.8409426212] /home/arrowboy/antigen.zsh:1695
[WRN][1731024735.8409426212] Parallel antigen-bundle-parallel-execute PARALLEL
[WRN][1731024735.8409709930] /home/arrowboy/antigen.zsh:1699
[WRN][1731024735.8409709930] Gonna install in parallel 9 bundles. PARALLEL
[WRN][1731024735.8409948349] /home/arrowboy/antigen.zsh:1701
[WRN][1731024735.8409948349] --loc=lib git pip command-not-found dnf autosuggestions heroku zsh-users/zsh-syntax-highlighting --loc=themes/robbyrussell --btype=theme PARALLEL
[WRN][1731024735.8412299156] /home/arrowboy/antigen.zsh:1715
[WRN][1731024735.8412299156] Bundle robbyrussell/oh-my-zsh already cloned locally. PARALLEL
[WRN][1731024735.8413913250] /home/arrowboy/antigen.zsh:1715
[WRN][1731024735.8413913250] Bundle robbyrussell/oh-my-zsh already cloned locally. PARALLEL
[WRN][1731024735.8415338993] /home/arrowboy/antigen.zsh:1715
[WRN][1731024735.8415338993] Bundle robbyrussell/oh-my-zsh already cloned locally. PARALLEL
[WRN][1731024735.8416774273] /home/arrowboy/antigen.zsh:1715
[WRN][1731024735.8416774273] Bundle robbyrussell/oh-my-zsh already cloned locally. PARALLEL
[WRN][1731024735.8418116570] /home/arrowboy/antigen.zsh:1715
[WRN][1731024735.8418116570] Bundle robbyrussell/oh-my-zsh already cloned locally. PARALLEL
[WRN][1731024735.8421204090] /home/arrowboy/antigen.zsh:1715
[WRN][1731024735.8421204090] Bundle robbyrussell/oh-my-zsh already cloned locally. PARALLEL
[WRN][1731024735.8424479961] /home/arrowboy/antigen.zsh:1715
[WRN][1731024735.8424479961] Bundle robbyrussell/oh-my-zsh already cloned locally. PARALLEL
[WRN][1731024735.8426568508] /home/arrowboy/antigen.zsh:1715
[WRN][1731024735.8426568508] Bundle zsh-users/zsh-syntax-highlighting already cloned locally. PARALLEL
[WRN][1731024735.8428244591] /home/arrowboy/antigen.zsh:1715
[WRN][1731024735.8428244591] Bundle robbyrussell/oh-my-zsh already cloned locally. PARALLEL
[WRN][1731024735.8429429531] /home/arrowboy/antigen.zsh:1469
[WRN][1731024735.8429429531] Updated meta: target antigen-bundle mode repeat type pre called 19
[WRN][1731024735.8429894447] /home/arrowboy/antigen.zsh:1484
[WRN][1731024735.8429894447] Processing hooks: antigen-bundle-cached
[WRN][1731024735.8430178165] /home/arrowboy/antigen.zsh:1487
[WRN][1731024735.8430178165] Pre hook: antigen-bundle-cached --loc=lib
[WRN][1731024735.8430595398] /home/arrowboy/antigen.zsh:1505
[WRN][1731024735.8430595398] -antigen-hook-antigen-bundle --loc=lib
[TRA][1731024735.8430926800] /home/arrowboy/antigen.zsh:1438
[TRA][1731024735.8430926800] Called antigen-bundle with --loc=lib BUNDLE
[TRA][1731024735.8430926800] TRACE
-antigen-hook-antigen-bundle
-antigen-hook-handler
antigen-bundle
antigen-bundle-parallel-execute
antigen-apply-parallel-execute
-antigen-hook-handler
antigen-apply
-antigen-hook-antigen
-antigen-hook-handler
antigen
/home/arrowboy/.zshrc
[WRN][1731024735.8435354233] /home/arrowboy/antigen.zsh:1469
[WRN][1731024735.8435354233] Updated meta: target -antigen-load-env mode repeat type replace called 1
[WRN][1731024735.8435771465] /home/arrowboy/antigen.zsh:1484
[WRN][1731024735.8435771465] Processing hooks: -antigen-load-env-cached
[WRN][1731024735.8436174393] /home/arrowboy/antigen.zsh:1498
[WRN][1731024735.8436174393] Replace hook: -antigen-load-env-cached dir /home/arrowboy/.antigen/bundles/robbyrussell/oh-my-zsh btype plugin url https://github.com/robbyrussell/oh-my-zsh.git loc lib name robbyrussell/oh-my-zsh make_local_clone true
[WRN][1731024735.8436720371] /home/arrowboy/antigen.zsh:1509
[WRN][1731024735.8436720371] Replaced hooked function.
[LOG][1731024735.8436982632] /home/arrowboy/antigen.zsh:1518
[LOG][1731024735.8436982632] Return from hook -antigen-load-env with 0
[WRN][1731024735.8437895775] /home/arrowboy/antigen.zsh:1469
[WRN][1731024735.8437895775] Updated meta: target -antigen-load-source mode repeat type replace called 1
[WRN][1731024735.8438205719] /home/arrowboy/antigen.zsh:1484
[WRN][1731024735.8438205719] Processing hooks: -antigen-load-source-cached
[WRN][1731024735.8438584805] /home/arrowboy/antigen.zsh:1498
[WRN][1731024735.8438584805] Replace hook: -antigen-load-source-cached /home/arrowboy/.antigen/bundles/robbyrussell/oh-my-zsh/lib/async_prompt.zsh /home/arrowboy/.antigen/bundles/robbyrussell/oh-my-zsh/lib/bzr.zsh /home/arrowboy/.antigen/bundles/robbyrussell/oh-my-zsh/lib/clipboard.zsh /home/arrowboy/.antigen/bundles/robbyrussell/oh-my-zsh/lib/cli.zsh /home/arrowboy/.antigen/bundles/robbyrussell/oh-my-zsh/lib/compfix.zsh /home/arrowboy/.antigen/bundles/robbyrussell/oh-my-zsh/lib/completion.zsh /home/arrowboy/.antigen/bundles/robbyrussell/oh-my-zsh/lib/correction.zsh /home/arrowboy/.antigen/bundles/robbyrussell/oh-my-zsh/lib/diagnostics.zsh /home/arrowboy/.antigen/bundles/robbyrussell/oh-my-zsh/lib/directories.zsh /home/arrowboy/.antigen/bundles/robbyrussell/oh-my-zsh/lib/functions.zsh /home/arrowboy/.antigen/bundles/robbyrussell/oh-my-zsh/lib/git.zsh /home/arrowboy/.antigen/bundles/robbyrussell/oh-my-zsh/lib/grep.zsh /home/arrowboy/.antigen/bundles/robbyrussell/oh-my-zsh/lib/history.zsh /home/arrowboy/.antigen/bundles/robbyrussell/oh-my-zsh/lib/key-bindings.zsh /home/arrowboy/.antigen/bundles/robbyrussell/oh-my-zsh/lib/misc.zsh /home/arrowboy/.antigen/bundles/robbyrussell/oh-my-zsh/lib/nvm.zsh /home/arrowboy/.antigen/bundles/robbyrussell/oh-my-zsh/lib/prompt_info_functions.zsh /home/arrowboy/.antigen/bundles/robbyrussell/oh-my-zsh/lib/spectrum.zsh /home/arrowboy/.antigen/bundles/robbyrussell/oh-my-zsh/lib/termsupport.zsh /home/arrowboy/.antigen/bundles/robbyrussell/oh-my-zsh/lib/theme-and-appearance.zsh /home/arrowboy/.antigen/bundles/robbyrussell/oh-my-zsh/lib/vcs_info.zsh
[WRN][1731024735.8439261913] /home/arrowboy/antigen.zsh:1509
[WRN][1731024735.8439261913] Replaced hooked function.
[LOG][1731024735.8439521790] /home/arrowboy/antigen.zsh:1518
[LOG][1731024735.8439521790] Return from hook -antigen-load-source with 0
[LOG][1731024735.8440055847] /home/arrowboy/antigen.zsh:1518
[LOG][1731024735.8440055847] Return from hook antigen-bundle with 0
[WRN][1731024735.8440792561] /home/arrowboy/antigen.zsh:1469
[WRN][1731024735.8440792561] Updated meta: target antigen-bundle mode repeat type pre called 20
[WRN][1731024735.8441195488] /home/arrowboy/antigen.zsh:1484
[WRN][1731024735.8441195488] Processing hooks: antigen-bundle-cached
[WRN][1731024735.8441445827] /home/arrowboy/antigen.zsh:1487
[WRN][1731024735.8441445827] Pre hook: antigen-bundle-cached git
[WRN][1731024735.8441824913] /home/arrowboy/antigen.zsh:1505
[WRN][1731024735.8441824913] -antigen-hook-antigen-bundle git
[TRA][1731024735.8442099094] /home/arrowboy/antigen.zsh:1438
[TRA][1731024735.8442099094] Called antigen-bundle with git BUNDLE
[TRA][1731024735.8442099094] TRACE
-antigen-hook-antigen-bundle
-antigen-hook-handler
antigen-bundle
antigen-bundle-parallel-execute
antigen-apply-parallel-execute
-antigen-hook-handler
antigen-apply
-antigen-hook-antigen
-antigen-hook-handler
antigen
/home/arrowboy/.zshrc
[WRN][1731024735.8444697857] /home/arrowboy/antigen.zsh:1469
[WRN][1731024735.8444697857] Updated meta: target -antigen-load-env mode repeat type replace called 2
[WRN][1731024735.8445043564] /home/arrowboy/antigen.zsh:1484
[WRN][1731024735.8445043564] Processing hooks: -antigen-load-env-cached
[WRN][1731024735.8445386887] /home/arrowboy/antigen.zsh:1498
[WRN][1731024735.8445386887] Replace hook: -antigen-load-env-cached dir /home/arrowboy/.antigen/bundles/robbyrussell/oh-my-zsh btype plugin url https://github.com/robbyrussell/oh-my-zsh.git loc plugins/git name robbyrussell/oh-my-zsh make_local_clone true
[WRN][1731024735.8445885181] /home/arrowboy/antigen.zsh:1509
[WRN][1731024735.8445885181] Replaced hooked function.
[LOG][1731024735.8446135521] /home/arrowboy/antigen.zsh:1518
[LOG][1731024735.8446135521] Return from hook -antigen-load-env with 0
[WRN][1731024735.8446800709] /home/arrowboy/antigen.zsh:1469
[WRN][1731024735.8446800709] Updated meta: target -antigen-load-source mode repeat type replace called 2
[WRN][1731024735.8447096348] /home/arrowboy/antigen.zsh:1484
[WRN][1731024735.8447096348] Processing hooks: -antigen-load-source-cached
[WRN][1731024735.8447394371] /home/arrowboy/antigen.zsh:1498
[WRN][1731024735.8447394371] Replace hook: -antigen-load-source-cached /home/arrowboy/.antigen/bundles/robbyrussell/oh-my-zsh/plugins/git/git.plugin.zsh
[WRN][1731024735.8447749615] /home/arrowboy/antigen.zsh:1509
[WRN][1731024735.8447749615] Replaced hooked function.
[LOG][1731024735.8447999954] /home/arrowboy/antigen.zsh:1518
[LOG][1731024735.8447999954] Return from hook -antigen-load-source with 0
[LOG][1731024735.8448498249] /home/arrowboy/antigen.zsh:1518
[LOG][1731024735.8448498249] Return from hook antigen-bundle with 0
[WRN][1731024735.8449187279] /home/arrowboy/antigen.zsh:1469
[WRN][1731024735.8449187279] Updated meta: target antigen-bundle mode repeat type pre called 21
[WRN][1731024735.8449470997] /home/arrowboy/antigen.zsh:1484
[WRN][1731024735.8449470997] Processing hooks: antigen-bundle-cached
[WRN][1731024735.8449709415] /home/arrowboy/antigen.zsh:1487
[WRN][1731024735.8449709415] Pre hook: antigen-bundle-cached pip
[WRN][1731024735.8450076580] /home/arrowboy/antigen.zsh:1505
[WRN][1731024735.8450076580] -antigen-hook-antigen-bundle pip
[TRA][1731024735.8450350761] /home/arrowboy/antigen.zsh:1438
[TRA][1731024735.8450350761] Called antigen-bundle with pip BUNDLE
[TRA][1731024735.8450350761] TRACE
-antigen-hook-antigen-bundle
-antigen-hook-handler
antigen-bundle
antigen-bundle-parallel-execute
antigen-apply-parallel-execute
-antigen-hook-handler
antigen-apply
-antigen-hook-antigen
-antigen-hook-handler
antigen
/home/arrowboy/.zshrc
[WRN][1731024735.8452832699] /home/arrowboy/antigen.zsh:1469
[WRN][1731024735.8452832699] Updated meta: target -antigen-load-env mode repeat type replace called 3
[WRN][1731024735.8453176022] /home/arrowboy/antigen.zsh:1484
[WRN][1731024735.8453176022] Processing hooks: -antigen-load-env-cached
[WRN][1731024735.8453507423] /home/arrowboy/antigen.zsh:1498
[WRN][1731024735.8453507423] Replace hook: -antigen-load-env-cached dir /home/arrowboy/.antigen/bundles/robbyrussell/oh-my-zsh btype plugin url https://github.com/robbyrussell/oh-my-zsh.git loc plugins/pip name robbyrussell/oh-my-zsh make_local_clone true
[WRN][1731024735.8454005718] /home/arrowboy/antigen.zsh:1509
[WRN][1731024735.8454005718] Replaced hooked function.
[LOG][1731024735.8454256058] /home/arrowboy/antigen.zsh:1518
[LOG][1731024735.8454256058] Return from hook -antigen-load-env with 0
[WRN][1731024735.8454909325] /home/arrowboy/antigen.zsh:1469
[WRN][1731024735.8454909325] Updated meta: target -antigen-load-source mode repeat type replace called 3
[WRN][1731024735.8455240726] /home/arrowboy/antigen.zsh:1484
[WRN][1731024735.8455240726] Processing hooks: -antigen-load-source-cached
[WRN][1731024735.8455538750] /home/arrowboy/antigen.zsh:1498
[WRN][1731024735.8455538750] Replace hook: -antigen-load-source-cached /home/arrowboy/.antigen/bundles/robbyrussell/oh-my-zsh/plugins/pip/pip.plugin.zsh
[WRN][1731024735.8455953598] /home/arrowboy/antigen.zsh:1509
[WRN][1731024735.8455953598] Replaced hooked function.
[LOG][1731024735.8456203938] /home/arrowboy/antigen.zsh:1518
[LOG][1731024735.8456203938] Return from hook -antigen-load-source with 0
[LOG][1731024735.8456702232] /home/arrowboy/antigen.zsh:1518
[LOG][1731024735.8456702232] Return from hook antigen-bundle with 0
[WRN][1731024735.8457367420] /home/arrowboy/antigen.zsh:1469
[WRN][1731024735.8457367420] Updated meta: target antigen-bundle mode repeat type pre called 22
[WRN][1731024735.8457663059] /home/arrowboy/antigen.zsh:1484
[WRN][1731024735.8457663059] Processing hooks: antigen-bundle-cached
[WRN][1731024735.8457901478] /home/arrowboy/antigen.zsh:1487
[WRN][1731024735.8457901478] Pre hook: antigen-bundle-cached command-not-found
[WRN][1731024735.8458268642] /home/arrowboy/antigen.zsh:1505
[WRN][1731024735.8458268642] -antigen-hook-antigen-bundle command-not-found
[TRA][1731024735.8458530903] /home/arrowboy/antigen.zsh:1438
[TRA][1731024735.8458530903] Called antigen-bundle with command-not-found BUNDLE
[TRA][1731024735.8458530903] TRACE
-antigen-hook-antigen-bundle
-antigen-hook-handler
antigen-bundle
antigen-bundle-parallel-execute
antigen-apply-parallel-execute
-antigen-hook-handler
antigen-apply
-antigen-hook-antigen
-antigen-hook-handler
antigen
/home/arrowboy/.zshrc
[WRN][1731024735.8460905552] /home/arrowboy/antigen.zsh:1469
[WRN][1731024735.8460905552] Updated meta: target -antigen-load-env mode repeat type replace called 4
[WRN][1731024735.8461344242] /home/arrowboy/antigen.zsh:1484
[WRN][1731024735.8461344242] Processing hooks: -antigen-load-env-cached
[WRN][1731024735.8461687565] /home/arrowboy/antigen.zsh:1498
[WRN][1731024735.8461687565] Replace hook: -antigen-load-env-cached dir /home/arrowboy/.antigen/bundles/robbyrussell/oh-my-zsh btype plugin url https://github.com/robbyrussell/oh-my-zsh.git loc plugins/command-not-found name robbyrussell/oh-my-zsh make_local_clone true
[WRN][1731024735.8462200165] /home/arrowboy/antigen.zsh:1509
[WRN][1731024735.8462200165] Replaced hooked function.
[LOG][1731024735.8462436199] /home/arrowboy/antigen.zsh:1518
[LOG][1731024735.8462436199] Return from hook -antigen-load-env with 0
[WRN][1731024735.8463101387] /home/arrowboy/antigen.zsh:1469
[WRN][1731024735.8463101387] Updated meta: target -antigen-load-source mode repeat type replace called 4
[WRN][1731024735.8463385105] /home/arrowboy/antigen.zsh:1484
[WRN][1731024735.8463385105] Processing hooks: -antigen-load-source-cached
[WRN][1731024735.8463683128] /home/arrowboy/antigen.zsh:1498
[WRN][1731024735.8463683128] Replace hook: -antigen-load-source-cached /home/arrowboy/.antigen/bundles/robbyrussell/oh-my-zsh/plugins/command-not-found/command-not-found.plugin.zsh
[WRN][1731024735.8464026451] /home/arrowboy/antigen.zsh:1509
[WRN][1731024735.8464026451] Replaced hooked function.
[LOG][1731024735.8464276791] /home/arrowboy/antigen.zsh:1518
[LOG][1731024735.8464276791] Return from hook -antigen-load-source with 0
[LOG][1731024735.8464751244] /home/arrowboy/antigen.zsh:1518
[LOG][1731024735.8464751244] Return from hook antigen-bundle with 0
[WRN][1731024735.8465404510] /home/arrowboy/antigen.zsh:1469
[WRN][1731024735.8465404510] Updated meta: target antigen-bundle mode repeat type pre called 23
[WRN][1731024735.8465690613] /home/arrowboy/antigen.zsh:1484
[WRN][1731024735.8465690613] Processing hooks: antigen-bundle-cached
[WRN][1731024735.8465926647] /home/arrowboy/antigen.zsh:1487
[WRN][1731024735.8465926647] Pre hook: antigen-bundle-cached dnf
[WRN][1731024735.8466296196] /home/arrowboy/antigen.zsh:1505
[WRN][1731024735.8466296196] -antigen-hook-antigen-bundle dnf
[TRA][1731024735.8466556072] /home/arrowboy/antigen.zsh:1438
[TRA][1731024735.8466556072] Called antigen-bundle with dnf BUNDLE
[TRA][1731024735.8466556072] TRACE
-antigen-hook-antigen-bundle
-antigen-hook-handler
antigen-bundle
antigen-bundle-parallel-execute
antigen-apply-parallel-execute
-antigen-hook-handler
antigen-apply
-antigen-hook-antigen
-antigen-hook-handler
antigen
/home/arrowboy/.zshrc
[WRN][1731024735.8468930721] /home/arrowboy/antigen.zsh:1469
[WRN][1731024735.8468930721] Updated meta: target -antigen-load-env mode repeat type replace called 5
[WRN][1731024735.8469262123] /home/arrowboy/antigen.zsh:1484
[WRN][1731024735.8469262123] Processing hooks: -antigen-load-env-cached
[WRN][1731024735.8469595909] /home/arrowboy/antigen.zsh:1498
[WRN][1731024735.8469595909] Replace hook: -antigen-load-env-cached dir /home/arrowboy/.antigen/bundles/robbyrussell/oh-my-zsh btype plugin url https://github.com/robbyrussell/oh-my-zsh.git loc plugins/dnf name robbyrussell/oh-my-zsh make_local_clone true
[WRN][1731024735.8470094204] /home/arrowboy/antigen.zsh:1509
[WRN][1731024735.8470094204] Replaced hooked function.
[LOG][1731024735.8470344543] /home/arrowboy/antigen.zsh:1518
[LOG][1731024735.8470344543] Return from hook -antigen-load-env with 0
[WRN][1731024735.8470983505] /home/arrowboy/antigen.zsh:1469
[WRN][1731024735.8470983505] Updated meta: target -antigen-load-source mode repeat type replace called 5
[WRN][1731024735.8471696377] /home/arrowboy/antigen.zsh:1484
[WRN][1731024735.8471696377] Processing hooks: -antigen-load-source-cached
[WRN][1731024735.8472018242] /home/arrowboy/antigen.zsh:1498
[WRN][1731024735.8472018242] Replace hook: -antigen-load-source-cached /home/arrowboy/.antigen/bundles/robbyrussell/oh-my-zsh/plugins/dnf/dnf.plugin.zsh
[WRN][1731024735.8472361565] /home/arrowboy/antigen.zsh:1509
[WRN][1731024735.8472361565] Replaced hooked function.
[LOG][1731024735.8472611904] /home/arrowboy/antigen.zsh:1518
[LOG][1731024735.8472611904] Return from hook -antigen-load-source with 0
[LOG][1731024735.8473098278] /home/arrowboy/antigen.zsh:1518
[LOG][1731024735.8473098278] Return from hook antigen-bundle with 0
[WRN][1731024735.8473763466] /home/arrowboy/antigen.zsh:1469
[WRN][1731024735.8473763466] Updated meta: target antigen-bundle mode repeat type pre called 24
[WRN][1731024735.8474047184] /home/arrowboy/antigen.zsh:1484
[WRN][1731024735.8474047184] Processing hooks: antigen-bundle-cached
[WRN][1731024735.8474273682] /home/arrowboy/antigen.zsh:1487
[WRN][1731024735.8474273682] Pre hook: antigen-bundle-cached autosuggestions
[WRN][1731024735.8474640846] /home/arrowboy/antigen.zsh:1505
[WRN][1731024735.8474640846] -antigen-hook-antigen-bundle autosuggestions
[TRA][1731024735.8474903107] /home/arrowboy/antigen.zsh:1438
[TRA][1731024735.8474903107] Called antigen-bundle with autosuggestions BUNDLE
[TRA][1731024735.8474903107] TRACE
-antigen-hook-antigen-bundle
-antigen-hook-handler
antigen-bundle
antigen-bundle-parallel-execute
antigen-apply-parallel-execute
-antigen-hook-handler
antigen-apply
-antigen-hook-antigen
-antigen-hook-handler
antigen
/home/arrowboy/.zshrc
[WRN][1731024735.8477847576] /home/arrowboy/antigen.zsh:1469
[WRN][1731024735.8477847576] Updated meta: target -antigen-load-env mode repeat type replace called 6
[WRN][1731024735.8479094505] /home/arrowboy/antigen.zsh:1484
[WRN][1731024735.8479094505] Processing hooks: -antigen-load-env-cached
[WRN][1731024735.8479864597] /home/arrowboy/antigen.zsh:1498
[WRN][1731024735.8479864597] Replace hook: -antigen-load-env-cached dir /home/arrowboy/.antigen/bundles/robbyrussell/oh-my-zsh btype plugin url https://github.com/robbyrussell/oh-my-zsh.git loc plugins/autosuggestions name robbyrussell/oh-my-zsh make_local_clone true
[WRN][1731024735.8480968475] /home/arrowboy/antigen.zsh:1509
[WRN][1731024735.8480968475] Replaced hooked function.
[LOG][1731024735.8481633663] /home/arrowboy/antigen.zsh:1518
[LOG][1731024735.8481633663] Return from hook -antigen-load-env with 0
[WRN][1731024735.8483071327] /home/arrowboy/antigen.zsh:1469
[WRN][1731024735.8483071327] Updated meta: target -antigen-load-source mode repeat type replace called 6
[WRN][1731024735.8483676910] /home/arrowboy/antigen.zsh:1484
[WRN][1731024735.8483676910] Processing hooks: -antigen-load-source-cached
[WRN][1731024735.8484246731] /home/arrowboy/antigen.zsh:1498
[WRN][1731024735.8484246731] Replace hook: -antigen-load-source-cached
[WRN][1731024735.8485064507] /home/arrowboy/antigen.zsh:1509
[WRN][1731024735.8485064507] Replaced hooked function.
[LOG][1731024735.8485577106] /home/arrowboy/antigen.zsh:1518
[LOG][1731024735.8485577106] Return from hook -antigen-load-source with 0
[LOG][1731024735.8486537933] /home/arrowboy/antigen.zsh:1518
[LOG][1731024735.8486537933] Return from hook antigen-bundle with 0
[WRN][1731024735.8487997055] /home/arrowboy/antigen.zsh:1469
[WRN][1731024735.8487997055] Updated meta: target antigen-bundle mode repeat type pre called 25
[WRN][1731024735.8488578796] /home/arrowboy/antigen.zsh:1484
[WRN][1731024735.8488578796] Processing hooks: antigen-bundle-cached
[WRN][1731024735.8489055634] /home/arrowboy/antigen.zsh:1487
[WRN][1731024735.8489055634] Pre hook: antigen-bundle-cached heroku
[WRN][1731024735.8489766121] /home/arrowboy/antigen.zsh:1505
[WRN][1731024735.8489766121] -antigen-hook-antigen-bundle heroku
[TRA][1731024735.8490290642] /home/arrowboy/antigen.zsh:1438
[TRA][1731024735.8490290642] Called antigen-bundle with heroku BUNDLE
[TRA][1731024735.8490290642] TRACE
-antigen-hook-antigen-bundle
-antigen-hook-handler
antigen-bundle
antigen-bundle-parallel-execute
antigen-apply-parallel-execute
-antigen-hook-handler
antigen-apply
-antigen-hook-antigen
-antigen-hook-handler
antigen
/home/arrowboy/.zshrc
[WRN][1731024735.8493199348] /home/arrowboy/antigen.zsh:1469
[WRN][1731024735.8493199348] Updated meta: target -antigen-load-env mode repeat type replace called 7
[WRN][1731024735.8493566513] /home/arrowboy/antigen.zsh:1484
[WRN][1731024735.8493566513] Processing hooks: -antigen-load-env-cached
[WRN][1731024735.8493909836] /home/arrowboy/antigen.zsh:1498
[WRN][1731024735.8493909836] Replace hook: -antigen-load-env-cached dir /home/arrowboy/.antigen/bundles/robbyrussell/oh-my-zsh btype plugin url https://github.com/robbyrussell/oh-my-zsh.git loc plugins/heroku name robbyrussell/oh-my-zsh make_local_clone true
[WRN][1731024735.8494431973] /home/arrowboy/antigen.zsh:1509
[WRN][1731024735.8494431973] Replaced hooked function.
[LOG][1731024735.8494682312] /home/arrowboy/antigen.zsh:1518
[LOG][1731024735.8494682312] Return from hook -antigen-load-env with 0
[WRN][1731024735.8495478630] /home/arrowboy/antigen.zsh:1469
[WRN][1731024735.8495478630] Updated meta: target -antigen-load-source mode repeat type replace called 7
[WRN][1731024735.8495774269] /home/arrowboy/antigen.zsh:1484
[WRN][1731024735.8495774269] Processing hooks: -antigen-load-source-cached
[WRN][1731024735.8496072292] /home/arrowboy/antigen.zsh:1498
[WRN][1731024735.8496072292] Replace hook: -antigen-load-source-cached /home/arrowboy/.antigen/bundles/robbyrussell/oh-my-zsh/plugins/heroku/heroku.plugin.zsh
[WRN][1731024735.8496427536] /home/arrowboy/antigen.zsh:1509
[WRN][1731024735.8496427536] Replaced hooked function.
[LOG][1731024735.8496701717] /home/arrowboy/antigen.zsh:1518
[LOG][1731024735.8496701717] Return from hook -antigen-load-source with 0
[LOG][1731024735.8497200012] /home/arrowboy/antigen.zsh:1518
[LOG][1731024735.8497200012] Return from hook antigen-bundle with 0
[WRN][1731024735.8497877121] /home/arrowboy/antigen.zsh:1469
[WRN][1731024735.8497877121] Updated meta: target antigen-bundle mode repeat type pre called 26
[WRN][1731024735.8498184681] /home/arrowboy/antigen.zsh:1484
[WRN][1731024735.8498184681] Processing hooks: antigen-bundle-cached
[WRN][1731024735.8498423100] /home/arrowboy/antigen.zsh:1487
[WRN][1731024735.8498423100] Pre hook: antigen-bundle-cached zsh-users/zsh-syntax-highlighting
[WRN][1731024735.8498814106] /home/arrowboy/antigen.zsh:1505
[WRN][1731024735.8498814106] -antigen-hook-antigen-bundle zsh-users/zsh-syntax-highlighting
[TRA][1731024735.8499076366] /home/arrowboy/antigen.zsh:1438
[TRA][1731024735.8499076366] Called antigen-bundle with zsh-users/zsh-syntax-highlighting BUNDLE
[TRA][1731024735.8499076366] TRACE
-antigen-hook-antigen-bundle
-antigen-hook-handler
antigen-bundle
antigen-bundle-parallel-execute
antigen-apply-parallel-execute
-antigen-hook-handler
antigen-apply
-antigen-hook-antigen
-antigen-hook-handler
antigen
/home/arrowboy/.zshrc
[WRN][1731024735.8501830101] /home/arrowboy/antigen.zsh:1469
[WRN][1731024735.8501830101] Updated meta: target -antigen-load-env mode repeat type replace called 8
[WRN][1731024735.8502185345] /home/arrowboy/antigen.zsh:1484
[WRN][1731024735.8502185345] Processing hooks: -antigen-load-env-cached
[WRN][1731024735.8502542973] /home/arrowboy/antigen.zsh:1498
[WRN][1731024735.8502542973] Replace hook: -antigen-load-env-cached dir /home/arrowboy/.antigen/bundles/zsh-users/zsh-syntax-highlighting btype plugin url https://github.com/zsh-users/zsh-syntax-highlighting.git loc / name zsh-users/zsh-syntax-highlighting make_local_clone true
[WRN][1731024735.8503065109] /home/arrowboy/antigen.zsh:1509
[WRN][1731024735.8503065109] Replaced hooked function.
[LOG][1731024735.8503348827] /home/arrowboy/antigen.zsh:1518
[LOG][1731024735.8503348827] Return from hook -antigen-load-env with 0
[WRN][1731024735.8504002094] /home/arrowboy/antigen.zsh:1469
[WRN][1731024735.8504002094] Updated meta: target -antigen-load-source mode repeat type replace called 8
[WRN][1731024735.8504288197] /home/arrowboy/antigen.zsh:1484
[WRN][1731024735.8504288197] Processing hooks: -antigen-load-source-cached
[WRN][1731024735.8504559994] /home/arrowboy/antigen.zsh:1498
[WRN][1731024735.8504559994] Replace hook: -antigen-load-source-cached /home/arrowboy/.antigen/bundles/zsh-users/zsh-syntax-highlighting///zsh-syntax-highlighting.plugin.zsh
[WRN][1731024735.8504905701] /home/arrowboy/antigen.zsh:1509
[WRN][1731024735.8504905701] Replaced hooked function.
[LOG][1731024735.8505141735] /home/arrowboy/antigen.zsh:1518
[LOG][1731024735.8505141735] Return from hook -antigen-load-source with 0
[LOG][1731024735.8505616188] /home/arrowboy/antigen.zsh:1518
[LOG][1731024735.8505616188] Return from hook antigen-bundle with 0
[WRN][1731024735.8506281376] /home/arrowboy/antigen.zsh:1469
[WRN][1731024735.8506281376] Updated meta: target antigen-bundle mode repeat type pre called 27
[WRN][1731024735.8506555557] /home/arrowboy/antigen.zsh:1484
[WRN][1731024735.8506555557] Processing hooks: antigen-bundle-cached
[WRN][1731024735.8506791592] /home/arrowboy/antigen.zsh:1487
[WRN][1731024735.8506791592] Pre hook: antigen-bundle-cached --loc=themes/robbyrussell --btype=theme
[WRN][1731024735.8507149220] /home/arrowboy/antigen.zsh:1505
[WRN][1731024735.8507149220] -antigen-hook-antigen-bundle --loc=themes/robbyrussell --btype=theme
[TRA][1731024735.8507421017] /home/arrowboy/antigen.zsh:1438
[TRA][1731024735.8507421017] Called antigen-bundle with --loc=themes/robbyrussell --btype=theme BUNDLE
[TRA][1731024735.8507421017] TRACE
-antigen-hook-antigen-bundle
-antigen-hook-handler
antigen-bundle
antigen-bundle-parallel-execute
antigen-apply-parallel-execute
-antigen-hook-handler
antigen-apply
-antigen-hook-antigen
-antigen-hook-handler
antigen
/home/arrowboy/.zshrc
[WRN][1731024735.8509440422] /home/arrowboy/antigen.zsh:1469
[WRN][1731024735.8509440422] Updated meta: target -antigen-load-env mode repeat type replace called 9
[WRN][1731024735.8509771824] /home/arrowboy/antigen.zsh:1484
[WRN][1731024735.8509771824] Processing hooks: -antigen-load-env-cached
[WRN][1731024735.8510093689] /home/arrowboy/antigen.zsh:1498
[WRN][1731024735.8510093689] Replace hook: -antigen-load-env-cached dir /home/arrowboy/.antigen/bundles/robbyrussell/oh-my-zsh btype theme url https://github.com/robbyrussell/oh-my-zsh.git loc themes/robbyrussell.zsh-theme name robbyrussell/oh-my-zsh make_local_clone true
[WRN][1731024735.8510568142] /home/arrowboy/antigen.zsh:1509
[WRN][1731024735.8510568142] Replaced hooked function.
[LOG][1731024735.8510851860] /home/arrowboy/antigen.zsh:1518
[LOG][1731024735.8510851860] Return from hook -antigen-load-env with 0
[WRN][1731024735.8511600494] /home/arrowboy/antigen.zsh:1469
[WRN][1731024735.8511600494] Updated meta: target -antigen-load-source mode repeat type replace called 9
[WRN][1731024735.8511886597] /home/arrowboy/antigen.zsh:1484
[WRN][1731024735.8511886597] Processing hooks: -antigen-load-source-cached
[WRN][1731024735.8512229919] /home/arrowboy/antigen.zsh:1498
[WRN][1731024735.8512229919] Replace hook: -antigen-load-source-cached /home/arrowboy/.antigen/bundles/robbyrussell/oh-my-zsh/themes/robbyrussell.zsh-theme
[WRN][1731024735.8512561321] /home/arrowboy/antigen.zsh:1509
[WRN][1731024735.8512561321] Replaced hooked function.
[LOG][1731024735.8512799740] /home/arrowboy/antigen.zsh:1518
[LOG][1731024735.8512799740] Return from hook -antigen-load-source with 0
[LOG][1731024735.8513274193] /home/arrowboy/antigen.zsh:1518
[LOG][1731024735.8513274193] Return from hook antigen-bundle with 0
[WRN][1731024735.8513724804] /home/arrowboy/antigen.zsh:1739
[WRN][1731024735.8513724804] Parallel install done PARALLEL
[WRN][1731024735.8514900208] /home/arrowboy/antigen.zsh:1462
[WRN][1731024735.8514900208] Ignoring hook due to mode once: antigen-apply-lock
[WRN][1731024735.8515353203] /home/arrowboy/antigen.zsh:1462
[WRN][1731024735.8515353203] Ignoring hook due to mode once: antigen-apply-parallel
[WRN][1731024735.8515660763] /home/arrowboy/antigen.zsh:1462
[WRN][1731024735.8515660763] Ignoring hook due to mode once: antigen-apply-defer
[WRN][1731024735.8516030312] /home/arrowboy/antigen.zsh:1462
[WRN][1731024735.8516030312] Ignoring hook due to mode once: antigen-apply-cached
[WRN][1731024735.8516409397] /home/arrowboy/antigen.zsh:1484
[WRN][1731024735.8516409397] Processing hooks: antigen-apply-lock antigen-apply-parallel antigen-apply-defer antigen-apply-cached
[WRN][1731024735.8516728878] /home/arrowboy/antigen.zsh:1505
[WRN][1731024735.8516728878] -antigen-hook-antigen-apply 
[LOG][1731024735.8517003059] /home/arrowboy/antigen.zsh:1438
[LOG][1731024735.8517003059] Called antigen-apply
[TRA][1731024735.8517217636] /home/arrowboy/antigen.zsh:1439
[TRA][1731024735.8517217636] Gonna create compdump file @ apply COMPDUMP
[TRA][1731024735.8517217636] TRACE
-antigen-hook-antigen-apply
-antigen-hook-handler
antigen-apply
antigen-apply-parallel-execute
-antigen-hook-handler
antigen-apply
-antigen-hook-antigen
-antigen-hook-handler
antigen
/home/arrowboy/.zshrc
[LOG][1731024736.0165972710] /home/arrowboy/antigen.zsh:1518
[LOG][1731024736.0165972710] Return from hook antigen-apply with 0
[WRN][1731024736.0168690681] /home/arrowboy/antigen.zsh:1509
[WRN][1731024736.0168690681] Replaced hooked function.
[WRN][1731024736.0169427395] /home/arrowboy/antigen.zsh:1513
[WRN][1731024736.0169427395] Post hook: antigen-apply-lock
[WRN][1731024736.0170137882] /home/arrowboy/antigen.zsh:1676
[WRN][1731024736.0170137882] Freeing antigen-lock file at /home/arrowboy/.antigen/.lock
[WRN][1731024736.0185050964] /home/arrowboy/antigen.zsh:1513
[WRN][1731024736.0185050964] Post hook: antigen-apply-cached
[LOG][1731024736.0186166763] /home/arrowboy/antigen.zsh:1893
[LOG][1731024736.0186166763] TRACE: /home/arrowboy/antigen.zsh:1514 /home/arrowboy/antigen.zsh:1441 /home/arrowboy/antigen.zsh:1447 /home/arrowboy/antigen.zsh:1506 /home/arrowboy/antigen.zsh:1441 /home/arrowboy/.zshrc:25 zsh:0
[LOG][1731024736.0192482471] /home/arrowboy/antigen.zsh:1787
[LOG][1731024736.0192482471] Gonna generate cache for /home/arrowboy/.antigen/bundles/robbyrussell/oh-my-zsh/lib /home/arrowboy/.antigen/bundles/robbyrussell/oh-my-zsh/lib/async_prompt.zsh /home/arrowboy/.antigen/bundles/robbyrussell/oh-my-zsh/lib/bzr.zsh /home/arrowboy/.antigen/bundles/robbyrussell/oh-my-zsh/lib/clipboard.zsh /home/arrowboy/.antigen/bundles/robbyrussell/oh-my-zsh/lib/cli.zsh /home/arrowboy/.antigen/bundles/robbyrussell/oh-my-zsh/lib/compfix.zsh /home/arrowboy/.antigen/bundles/robbyrussell/oh-my-zsh/lib/completion.zsh /home/arrowboy/.antigen/bundles/robbyrussell/oh-my-zsh/lib/correction.zsh /home/arrowboy/.antigen/bundles/robbyrussell/oh-my-zsh/lib/diagnostics.zsh /home/arrowboy/.antigen/bundles/robbyrussell/oh-my-zsh/lib/directories.zsh /home/arrowboy/.antigen/bundles/robbyrussell/oh-my-zsh/lib/functions.zsh /home/arrowboy/.antigen/bundles/robbyrussell/oh-my-zsh/lib/git.zsh /home/arrowboy/.antigen/bundles/robbyrussell/oh-my-zsh/lib/grep.zsh /home/arrowboy/.antigen/bundles/robbyrussell/oh-my-zsh/lib/history.zsh /home/arrowboy/.antigen/bundles/robbyrussell/oh-my-zsh/lib/key-bindings.zsh /home/arrowboy/.antigen/bundles/robbyrussell/oh-my-zsh/lib/misc.zsh /home/arrowboy/.antigen/bundles/robbyrussell/oh-my-zsh/lib/nvm.zsh /home/arrowboy/.antigen/bundles/robbyrussell/oh-my-zsh/lib/prompt_info_functions.zsh /home/arrowboy/.antigen/bundles/robbyrussell/oh-my-zsh/lib/spectrum.zsh /home/arrowboy/.antigen/bundles/robbyrussell/oh-my-zsh/lib/termsupport.zsh /home/arrowboy/.antigen/bundles/robbyrussell/oh-my-zsh/lib/theme-and-appearance.zsh /home/arrowboy/.antigen/bundles/robbyrussell/oh-my-zsh/lib/vcs_info.zsh /home/arrowboy/.antigen/bundles/robbyrussell/oh-my-zsh/plugins/git /home/arrowboy/.antigen/bundles/robbyrussell/oh-my-zsh/plugins/git/git.plugin.zsh /home/arrowboy/.antigen/bundles/robbyrussell/oh-my-zsh/plugins/pip /home/arrowboy/.antigen/bundles/robbyrussell/oh-my-zsh/plugins/pip/pip.plugin.zsh /home/arrowboy/.antigen/bundles/robbyrussell/oh-my-zsh/plugins/command-not-found /home/arrowboy/.antigen/bundles/robbyrussell/oh-my-zsh/plugins/command-not-found/command-not-found.plugin.zsh /home/arrowboy/.antigen/bundles/robbyrussell/oh-my-zsh/plugins/dnf /home/arrowboy/.antigen/bundles/robbyrussell/oh-my-zsh/plugins/dnf/dnf.plugin.zsh /home/arrowboy/.antigen/bundles/robbyrussell/oh-my-zsh/plugins/autosuggestions /home/arrowboy/.antigen/bundles/robbyrussell/oh-my-zsh/plugins/heroku /home/arrowboy/.antigen/bundles/robbyrussell/oh-my-zsh/plugins/heroku/heroku.plugin.zsh /home/arrowboy/.antigen/bundles/zsh-users/zsh-syntax-highlighting// /home/arrowboy/.antigen/bundles/zsh-users/zsh-syntax-highlighting///zsh-syntax-highlighting.plugin.zsh /home/arrowboy/.antigen/bundles/robbyrussell/oh-my-zsh/themes/robbyrussell.zsh-theme /home/arrowboy/.antigen/bundles/robbyrussell/oh-my-zsh/themes/robbyrussell.zsh-theme
[LOG][1731024736.0277159214] /home/arrowboy/antigen.zsh:1844
[LOG][1731024736.0277159214] CHECK_FILES /home/arrowboy/.zshrc /home/arrowboy/.zshrc
[LOG][1731024736.0591614246] /home/arrowboy/antigen.zsh:1518
[LOG][1731024736.0591614246] Return from hook antigen-apply with 0
[LOG][1731024736.0593407154] /home/arrowboy/antigen.zsh:1518
[LOG][1731024736.0593407154] Return from hook antigen with 0
[WRN][1731024864.1069009304] /home/arrowboy/antigen.zsh:266
[WRN][1731024864.1069009304] -antigen-interactive-mode: file:file:shfunc:shfunc $_ANTIGEN_INTERACTIVE = 
[WRN][1731024864.1070446968] /home/arrowboy/antigen.zsh:1572
[WRN][1731024864.1070446968] -antigen-lock-init return code was 0
[LOG][1731024864.1070730686] /home/arrowboy/antigen.zsh:1574
[LOG][1731024864.1070730686] LOADED EXTENSION lock EXT
[WRN][1731024864.1084349155] /home/arrowboy/antigen.zsh:1684
[WRN][1731024864.1084349155] Init parallel extension PARALLEL
[WRN][1731024864.1085214615] /home/arrowboy/antigen.zsh:266
[WRN][1731024864.1085214615] -antigen-interactive-mode: file:file:shfunc:shfunc:shfunc:eval:shfunc:shfunc $_ANTIGEN_INTERACTIVE = 
[WRN][1731024864.1085999012] /home/arrowboy/antigen.zsh:1572
[WRN][1731024864.1085999012] -antigen-parallel-init return code was 0
[LOG][1731024864.1086461544] /home/arrowboy/antigen.zsh:1574
[LOG][1731024864.1086461544] LOADED EXTENSION parallel EXT
[WRN][1731024864.1086947918] /home/arrowboy/antigen.zsh:1692
[WRN][1731024864.1086947918] Exec parallel extension PARALLEL
[WRN][1731024864.1090226173] /home/arrowboy/antigen.zsh:266
[WRN][1731024864.1090226173] -antigen-interactive-mode: file:file:shfunc:shfunc:shfunc:eval:shfunc:shfunc $_ANTIGEN_INTERACTIVE = 
[WRN][1731024864.1090950966] /home/arrowboy/antigen.zsh:1572
[WRN][1731024864.1090950966] -antigen-defer-init return code was 0
[LOG][1731024864.1091532707] /home/arrowboy/antigen.zsh:1574
[LOG][1731024864.1091532707] LOADED EXTENSION defer EXT
[WRN][1731024864.1097705364] /home/arrowboy/antigen.zsh:266
[WRN][1731024864.1097705364] -antigen-interactive-mode: file:file:shfunc:shfunc:shfunc:eval:shfunc:shfunc $_ANTIGEN_INTERACTIVE = 
[WRN][1731024864.1098976135] /home/arrowboy/antigen.zsh:1572
[WRN][1731024864.1098976135] -antigen-cache-init return code was 0
[LOG][1731024864.1099343300] /home/arrowboy/antigen.zsh:1574
[LOG][1731024864.1099343300] LOADED EXTENSION cache EXT
[WRN][1731024864.1110694408] /home/arrowboy/antigen.zsh:1469
[WRN][1731024864.1110694408] Updated meta: target antigen mode once type pre called 1
[WRN][1731024864.1111097336] /home/arrowboy/antigen.zsh:1484
[WRN][1731024864.1111097336] Processing hooks: antigen-lock
[WRN][1731024864.1111466885] /home/arrowboy/antigen.zsh:1487
[WRN][1731024864.1111466885] Pre hook: antigen-lock use oh-my-zsh
[LOG][1731024864.1111726761] /home/arrowboy/antigen.zsh:1658
[LOG][1731024864.1111726761] antigen-lock called
[WRN][1731024864.1111977100] /home/arrowboy/antigen.zsh:1669
[WRN][1731024864.1111977100] Creating antigen-lock file at /home/arrowboy/.antigen/.lock
[WRN][1731024864.1129453182] /home/arrowboy/antigen.zsh:1505
[WRN][1731024864.1129453182] -antigen-hook-antigen use oh-my-zsh
[WRN][1731024864.1147284508] /home/arrowboy/antigen.zsh:1469
[WRN][1731024864.1147284508] Updated meta: target antigen-bundle mode repeat type replace called 1
[WRN][1731024864.1148471832] /home/arrowboy/antigen.zsh:1469
[WRN][1731024864.1148471832] Updated meta: target antigen-bundle mode repeat type pre called 1
[WRN][1731024864.1148970127] /home/arrowboy/antigen.zsh:1484
[WRN][1731024864.1148970127] Processing hooks: antigen-bundle-defer antigen-bundle-cached
[WRN][1731024864.1149268150] /home/arrowboy/antigen.zsh:1487
[WRN][1731024864.1149268150] Pre hook: antigen-bundle-cached --loc=lib
[WRN][1731024864.1149730682] /home/arrowboy/antigen.zsh:1498
[WRN][1731024864.1149730682] Replace hook: antigen-bundle-defer --loc=lib
[WRN][1731024864.1150145531] /home/arrowboy/antigen.zsh:1500
[WRN][1731024864.1150145531] antigen-bundle-defer shortcircuited
[LOG][1731024864.1150989532] /home/arrowboy/antigen.zsh:1518
[LOG][1731024864.1150989532] Return from hook antigen with 0
[WRN][1731024864.1152021885] /home/arrowboy/antigen.zsh:1462
[WRN][1731024864.1152021885] Ignoring hook due to mode once: antigen-lock
[WRN][1731024864.1152307987] /home/arrowboy/antigen.zsh:1484
[WRN][1731024864.1152307987] Processing hooks: antigen-lock
[WRN][1731024864.1152567863] /home/arrowboy/antigen.zsh:1505
[WRN][1731024864.1152567863] -antigen-hook-antigen bundle git
[WRN][1731024864.1153244972] /home/arrowboy/antigen.zsh:1469
[WRN][1731024864.1153244972] Updated meta: target antigen-bundle mode repeat type replace called 2
[WRN][1731024864.1153638363] /home/arrowboy/antigen.zsh:1469
[WRN][1731024864.1153638363] Updated meta: target antigen-bundle mode repeat type pre called 2
[WRN][1731024864.1153898239] /home/arrowboy/antigen.zsh:1484
[WRN][1731024864.1153898239] Processing hooks: antigen-bundle-defer antigen-bundle-cached
[WRN][1731024864.1154124737] /home/arrowboy/antigen.zsh:1487
[WRN][1731024864.1154124737] Pre hook: antigen-bundle-cached git
[WRN][1731024864.1154503822] /home/arrowboy/antigen.zsh:1498
[WRN][1731024864.1154503822] Replace hook: antigen-bundle-defer git
[WRN][1731024864.1154835224] /home/arrowboy/antigen.zsh:1500
[WRN][1731024864.1154835224] antigen-bundle-defer shortcircuited
[LOG][1731024864.1155252457] /home/arrowboy/antigen.zsh:1518
[LOG][1731024864.1155252457] Return from hook antigen with 0
[WRN][1731024864.1155869961] /home/arrowboy/antigen.zsh:1462
[WRN][1731024864.1155869961] Ignoring hook due to mode once: antigen-lock
[WRN][1731024864.1156094074] /home/arrowboy/antigen.zsh:1484
[WRN][1731024864.1156094074] Processing hooks: antigen-lock
[WRN][1731024864.1156344414] /home/arrowboy/antigen.zsh:1505
[WRN][1731024864.1156344414] -antigen-hook-antigen bundle pip
[WRN][1731024864.1156902313] /home/arrowboy/antigen.zsh:1469
[WRN][1731024864.1156902313] Updated meta: target antigen-bundle mode repeat type replace called 3
[WRN][1731024864.1157233715] /home/arrowboy/antigen.zsh:1469
[WRN][1731024864.1157233715] Updated meta: target antigen-bundle mode repeat type pre called 3
[WRN][1731024864.1157484055] /home/arrowboy/antigen.zsh:1484
[WRN][1731024864.1157484055] Processing hooks: antigen-bundle-defer antigen-bundle-cached
[WRN][1731024864.1157827377] /home/arrowboy/antigen.zsh:1487
[WRN][1731024864.1157827377] Pre hook: antigen-bundle-cached pip
[WRN][1731024864.1158185005] /home/arrowboy/antigen.zsh:1498
[WRN][1731024864.1158185005] Replace hook: antigen-bundle-defer pip
[WRN][1731024864.1158504486] /home/arrowboy/antigen.zsh:1500
[WRN][1731024864.1158504486] antigen-bundle-defer shortcircuited
[LOG][1731024864.1158897877] /home/arrowboy/antigen.zsh:1518
[LOG][1731024864.1158897877] Return from hook antigen with 0
[WRN][1731024864.1159467697] /home/arrowboy/antigen.zsh:1462
[WRN][1731024864.1159467697] Ignoring hook due to mode once: antigen-lock
[WRN][1731024864.1159691811] /home/arrowboy/antigen.zsh:1484
[WRN][1731024864.1159691811] Processing hooks: antigen-lock
[WRN][1731024864.1159942150] /home/arrowboy/antigen.zsh:1505
[WRN][1731024864.1159942150] -antigen-hook-antigen bundle command-not-found
[WRN][1731024864.1160500050] /home/arrowboy/antigen.zsh:1469
[WRN][1731024864.1160500050] Updated meta: target antigen-bundle mode repeat type replace called 4
[WRN][1731024864.1160843372] /home/arrowboy/antigen.zsh:1469
[WRN][1731024864.1160843372] Updated meta: target antigen-bundle mode repeat type pre called 4
[WRN][1731024864.1161177158] /home/arrowboy/antigen.zsh:1484
[WRN][1731024864.1161177158] Processing hooks: antigen-bundle-defer antigen-bundle-cached
[WRN][1731024864.1161735058] /home/arrowboy/antigen.zsh:1487
[WRN][1731024864.1161735058] Pre hook: antigen-bundle-cached command-not-found
[WRN][1731024864.1162257195] /home/arrowboy/antigen.zsh:1498
[WRN][1731024864.1162257195] Replace hook: antigen-bundle-defer command-not-found
[WRN][1731024864.1162624359] /home/arrowboy/antigen.zsh:1500
[WRN][1731024864.1162624359] antigen-bundle-defer shortcircuited
[LOG][1731024864.1163074970] /home/arrowboy/antigen.zsh:1518
[LOG][1731024864.1163074970] Return from hook antigen with 0
[WRN][1731024864.1163716316] /home/arrowboy/antigen.zsh:1462
[WRN][1731024864.1163716316] Ignoring hook due to mode once: antigen-lock
[WRN][1731024864.1163978577] /home/arrowboy/antigen.zsh:1484
[WRN][1731024864.1163978577] Processing hooks: antigen-lock
[WRN][1731024864.1164226532] /home/arrowboy/antigen.zsh:1505
[WRN][1731024864.1164226532] -antigen-hook-antigen bundle dnf
[WRN][1731024864.1164855957] /home/arrowboy/antigen.zsh:1469
[WRN][1731024864.1164855957] Updated meta: target antigen-bundle mode repeat type replace called 5
[WRN][1731024864.1165225506] /home/arrowboy/antigen.zsh:1469
[WRN][1731024864.1165225506] Updated meta: target antigen-bundle mode repeat type pre called 5
[WRN][1731024864.1165485382] /home/arrowboy/antigen.zsh:1484
[WRN][1731024864.1165485382] Processing hooks: antigen-bundle-defer antigen-bundle-cached
[WRN][1731024864.1165711880] /home/arrowboy/antigen.zsh:1487
[WRN][1731024864.1165711880] Pre hook: antigen-bundle-cached dnf
[WRN][1731024864.1166067123] /home/arrowboy/antigen.zsh:1498
[WRN][1731024864.1166067123] Replace hook: antigen-bundle-defer dnf
[WRN][1731024864.1166388988] /home/arrowboy/antigen.zsh:1500
[WRN][1731024864.1166388988] antigen-bundle-defer shortcircuited
[LOG][1731024864.1166791916] /home/arrowboy/antigen.zsh:1518
[LOG][1731024864.1166791916] Return from hook antigen with 0
[WRN][1731024864.1167409420] /home/arrowboy/antigen.zsh:1462
[WRN][1731024864.1167409420] Ignoring hook due to mode once: antigen-lock
[WRN][1731024864.1167647839] /home/arrowboy/antigen.zsh:1484
[WRN][1731024864.1167647839] Processing hooks: antigen-lock
[WRN][1731024864.1167883873] /home/arrowboy/antigen.zsh:1505
[WRN][1731024864.1167883873] -antigen-hook-antigen bundle autosuggestions
[WRN][1731024864.1168465614] /home/arrowboy/antigen.zsh:1469
[WRN][1731024864.1168465614] Updated meta: target antigen-bundle mode repeat type replace called 6
[WRN][1731024864.1168811321] /home/arrowboy/antigen.zsh:1469
[WRN][1731024864.1168811321] Updated meta: target antigen-bundle mode repeat type pre called 6
[WRN][1731024864.1169059277] /home/arrowboy/antigen.zsh:1484
[WRN][1731024864.1169059277] Processing hooks: antigen-bundle-defer antigen-bundle-cached
[WRN][1731024864.1169345379] /home/arrowboy/antigen.zsh:1487
[WRN][1731024864.1169345379] Pre hook: antigen-bundle-cached autosuggestions
[WRN][1731024864.1169712543] /home/arrowboy/antigen.zsh:1498
[WRN][1731024864.1169712543] Replace hook: antigen-bundle-defer autosuggestions
[WRN][1731024864.1170043945] /home/arrowboy/antigen.zsh:1500
[WRN][1731024864.1170043945] antigen-bundle-defer shortcircuited
[LOG][1731024864.1170449257] /home/arrowboy/antigen.zsh:1518
[LOG][1731024864.1170449257] Return from hook antigen with 0
[WRN][1731024864.1171007156] /home/arrowboy/antigen.zsh:1462
[WRN][1731024864.1171007156] Ignoring hook due to mode once: antigen-lock
[WRN][1731024864.1171338558] /home/arrowboy/antigen.zsh:1484
[WRN][1731024864.1171338558] Processing hooks: antigen-lock
[WRN][1731024864.1171600819] /home/arrowboy/antigen.zsh:1505
[WRN][1731024864.1171600819] -antigen-hook-antigen bundle heroku
[WRN][1731024864.1172170639] /home/arrowboy/antigen.zsh:1469
[WRN][1731024864.1172170639] Updated meta: target antigen-bundle mode repeat type replace called 7
[WRN][1731024864.1172513962] /home/arrowboy/antigen.zsh:1469
[WRN][1731024864.1172513962] Updated meta: target antigen-bundle mode repeat type pre called 7
[WRN][1731024864.1172752380] /home/arrowboy/antigen.zsh:1484
[WRN][1731024864.1172752380] Processing hooks: antigen-bundle-defer antigen-bundle-cached
[WRN][1731024864.1172964573] /home/arrowboy/antigen.zsh:1487
[WRN][1731024864.1172964573] Pre hook: antigen-bundle-cached heroku
[WRN][1731024864.1173322201] /home/arrowboy/antigen.zsh:1498
[WRN][1731024864.1173322201] Replace hook: antigen-bundle-defer heroku
[WRN][1731024864.1173641682] /home/arrowboy/antigen.zsh:1500
[WRN][1731024864.1173641682] antigen-bundle-defer shortcircuited
[LOG][1731024864.1174046993] /home/arrowboy/antigen.zsh:1518
[LOG][1731024864.1174046993] Return from hook antigen with 0
[WRN][1731024864.1174628735] /home/arrowboy/antigen.zsh:1462
[WRN][1731024864.1174628735] Ignoring hook due to mode once: antigen-lock
[WRN][1731024864.1174864769] /home/arrowboy/antigen.zsh:1484
[WRN][1731024864.1174864769] Processing hooks: antigen-lock
[WRN][1731024864.1175103188] /home/arrowboy/antigen.zsh:1505
[WRN][1731024864.1175103188] -antigen-hook-antigen bundle zsh-users/zsh-syntax-highlighting
[WRN][1731024864.1175673008] /home/arrowboy/antigen.zsh:1469
[WRN][1731024864.1175673008] Updated meta: target antigen-bundle mode repeat type replace called 8
[WRN][1731024864.1176004410] /home/arrowboy/antigen.zsh:1469
[WRN][1731024864.1176004410] Updated meta: target antigen-bundle mode repeat type pre called 8
[WRN][1731024864.1176254749] /home/arrowboy/antigen.zsh:1484
[WRN][1731024864.1176254749] Processing hooks: antigen-bundle-defer antigen-bundle-cached
[WRN][1731024864.1176478863] /home/arrowboy/antigen.zsh:1487
[WRN][1731024864.1176478863] Pre hook: antigen-bundle-cached zsh-users/zsh-syntax-highlighting
[WRN][1731024864.1176836491] /home/arrowboy/antigen.zsh:1498
[WRN][1731024864.1176836491] Replace hook: antigen-bundle-defer zsh-users/zsh-syntax-highlighting
[WRN][1731024864.1177155972] /home/arrowboy/antigen.zsh:1500
[WRN][1731024864.1177155972] antigen-bundle-defer shortcircuited
[LOG][1731024864.1177573204] /home/arrowboy/antigen.zsh:1518
[LOG][1731024864.1177573204] Return from hook antigen with 0
[WRN][1731024864.1178143024] /home/arrowboy/antigen.zsh:1462
[WRN][1731024864.1178143024] Ignoring hook due to mode once: antigen-lock
[WRN][1731024864.1178367138] /home/arrowboy/antigen.zsh:1484
[WRN][1731024864.1178367138] Processing hooks: antigen-lock
[WRN][1731024864.1178605556] /home/arrowboy/antigen.zsh:1505
[WRN][1731024864.1178605556] -antigen-hook-antigen apply
[WRN][1731024864.1179199219] /home/arrowboy/antigen.zsh:1469
[WRN][1731024864.1179199219] Updated meta: target antigen-apply mode once type post called 1
[WRN][1731024864.1179590225] /home/arrowboy/antigen.zsh:1469
[WRN][1731024864.1179590225] Updated meta: target antigen-apply mode once type pre called 1
[WRN][1731024864.1179912090] /home/arrowboy/antigen.zsh:1469
[WRN][1731024864.1179912090] Updated meta: target antigen-apply mode once type replace called 1
[WRN][1731024864.1180291176] /home/arrowboy/antigen.zsh:1469
[WRN][1731024864.1180291176] Updated meta: target antigen-apply mode once type pre called 1
[WRN][1731024864.1180622578] /home/arrowboy/antigen.zsh:1469
[WRN][1731024864.1180622578] Updated meta: target antigen-apply mode once type post called 1
[WRN][1731024864.1180872917] /home/arrowboy/antigen.zsh:1484
[WRN][1731024864.1180872917] Processing hooks: antigen-apply-lock antigen-apply-parallel antigen-apply-parallel-execute antigen-apply-defer antigen-apply-cached
[WRN][1731024864.1181299686] /home/arrowboy/antigen.zsh:1487
[WRN][1731024864.1181299686] Pre hook: antigen-apply-parallel
[WRN][1731024864.1181585789] /home/arrowboy/antigen.zsh:1744
[WRN][1731024864.1181585789] Parallel pre-apply PARALLEL PRE-APPLY
[WRN][1731024864.1182191372] /home/arrowboy/antigen.zsh:1487
[WRN][1731024864.1182191372] Pre hook: antigen-apply-defer
[WRN][1731024864.1182451248] /home/arrowboy/antigen.zsh:1623
[WRN][1731024864.1182451248] Defer pre-apply DEFER PRE-APPLY
[LOG][1731024864.1183116436] /home/arrowboy/antigen.zsh:1629
[LOG][1731024864.1183116436] Processing deferred bundle: --loc=lib DEFER
[WRN][1731024864.1183674335] /home/arrowboy/antigen.zsh:1469
[WRN][1731024864.1183674335] Updated meta: target antigen-bundle mode repeat type pre called 9
[WRN][1731024864.1184055805] /home/arrowboy/antigen.zsh:1469
[WRN][1731024864.1184055805] Updated meta: target antigen-bundle mode repeat type replace called 1
[WRN][1731024864.1184303761] /home/arrowboy/antigen.zsh:1484
[WRN][1731024864.1184303761] Processing hooks: antigen-bundle-cached antigen-bundle-parallel
[WRN][1731024864.1184542179] /home/arrowboy/antigen.zsh:1487
[WRN][1731024864.1184542179] Pre hook: antigen-bundle-cached --loc=lib
[WRN][1731024864.1184909344] /home/arrowboy/antigen.zsh:1498
[WRN][1731024864.1184909344] Replace hook: antigen-bundle-parallel --loc=lib
[TRA][1731024864.1185207367] /home/arrowboy/.zshrc:1748
[TRA][1731024864.1185207367] antigen-bundle-parallel: --loc=lib PARALLEL
[TRA][1731024864.1185207367] TRACE
antigen-bundle-parallel
-antigen-hook-handler
antigen-bundle
antigen-apply-defer
-antigen-hook-handler
antigen-apply
-antigen-hook-antigen
-antigen-hook-handler
antigen
/home/arrowboy/.zshrc
[WRN][1731024864.1185538769] /home/arrowboy/antigen.zsh:1509
[WRN][1731024864.1185538769] Replaced hooked function.
[LOG][1731024864.1185777187] /home/arrowboy/antigen.zsh:1518
[LOG][1731024864.1185777187] Return from hook antigen-bundle with 0
[LOG][1731024864.1186096668] /home/arrowboy/antigen.zsh:1629
[LOG][1731024864.1186096668] Processing deferred bundle: git DEFER
[WRN][1731024864.1186583042] /home/arrowboy/antigen.zsh:1469
[WRN][1731024864.1186583042] Updated meta: target antigen-bundle mode repeat type pre called 10
[WRN][1731024864.1186916828] /home/arrowboy/antigen.zsh:1469
[WRN][1731024864.1186916828] Updated meta: target antigen-bundle mode repeat type replace called 2
[WRN][1731024864.1187164783] /home/arrowboy/antigen.zsh:1484
[WRN][1731024864.1187164783] Processing hooks: antigen-bundle-cached antigen-bundle-parallel
[WRN][1731024864.1187379360] /home/arrowboy/antigen.zsh:1487
[WRN][1731024864.1187379360] Pre hook: antigen-bundle-cached git
[WRN][1731024864.1187734604] /home/arrowboy/antigen.zsh:1498
[WRN][1731024864.1187734604] Replace hook: antigen-bundle-parallel git
[TRA][1731024864.1187984943] /home/arrowboy/.zshrc:1748
[TRA][1731024864.1187984943] antigen-bundle-parallel: git PARALLEL
[TRA][1731024864.1187984943] TRACE
antigen-bundle-parallel
-antigen-hook-handler
antigen-bundle
antigen-apply-defer
-antigen-hook-handler
antigen-apply
-antigen-hook-antigen
-antigen-hook-handler
antigen
/home/arrowboy/.zshrc
[WRN][1731024864.1188292503] /home/arrowboy/antigen.zsh:1509
[WRN][1731024864.1188292503] Replaced hooked function.
[LOG][1731024864.1188519001] /home/arrowboy/antigen.zsh:1518
[LOG][1731024864.1188519001] Return from hook antigen-bundle with 0
[LOG][1731024864.1188826561] /home/arrowboy/antigen.zsh:1629
[LOG][1731024864.1188826561] Processing deferred bundle: pip DEFER
[WRN][1731024864.1189372540] /home/arrowboy/antigen.zsh:1469
[WRN][1731024864.1189372540] Updated meta: target antigen-bundle mode repeat type pre called 11
[WRN][1731024864.1189718246] /home/arrowboy/antigen.zsh:1469
[WRN][1731024864.1189718246] Updated meta: target antigen-bundle mode repeat type replace called 3
[WRN][1731024864.1189966202] /home/arrowboy/antigen.zsh:1484
[WRN][1731024864.1189966202] Processing hooks: antigen-bundle-cached antigen-bundle-parallel
[WRN][1731024864.1190192699] /home/arrowboy/antigen.zsh:1487
[WRN][1731024864.1190192699] Pre hook: antigen-bundle-cached pip
[WRN][1731024864.1190536022] /home/arrowboy/antigen.zsh:1498
[WRN][1731024864.1190536022] Replace hook: antigen-bundle-parallel pip
[TRA][1731024864.1190774441] /home/arrowboy/.zshrc:1748
[TRA][1731024864.1190774441] antigen-bundle-parallel: pip PARALLEL
[TRA][1731024864.1190774441] TRACE
antigen-bundle-parallel
-antigen-hook-handler
antigen-bundle
antigen-apply-defer
-antigen-hook-handler
antigen-apply
-antigen-hook-antigen
-antigen-hook-handler
antigen
/home/arrowboy/.zshrc
[WRN][1731024864.1191096306] /home/arrowboy/antigen.zsh:1509
[WRN][1731024864.1191096306] Replaced hooked function.
[LOG][1731024864.1191451550] /home/arrowboy/antigen.zsh:1518
[LOG][1731024864.1191451550] Return from hook antigen-bundle with 0
[LOG][1731024864.1191771030] /home/arrowboy/antigen.zsh:1629
[LOG][1731024864.1191771030] Processing deferred bundle: command-not-found DEFER
[WRN][1731024864.1192259789] /home/arrowboy/antigen.zsh:1469
[WRN][1731024864.1192259789] Updated meta: target antigen-bundle mode repeat type pre called 12
[WRN][1731024864.1192591190] /home/arrowboy/antigen.zsh:1469
[WRN][1731024864.1192591190] Updated meta: target antigen-bundle mode repeat type replace called 4
[WRN][1731024864.1192841530] /home/arrowboy/antigen.zsh:1484
[WRN][1731024864.1192841530] Processing hooks: antigen-bundle-cached antigen-bundle-parallel
[WRN][1731024864.1193065643] /home/arrowboy/antigen.zsh:1487
[WRN][1731024864.1193065643] Pre hook: antigen-bundle-cached command-not-found
[WRN][1731024864.1193411350] /home/arrowboy/antigen.zsh:1498
[WRN][1731024864.1193411350] Replace hook: antigen-bundle-parallel command-not-found
[TRA][1731024864.1193671227] /home/arrowboy/.zshrc:1748
[TRA][1731024864.1193671227] antigen-bundle-parallel: command-not-found PARALLEL
[TRA][1731024864.1193671227] TRACE
antigen-bundle-parallel
-antigen-hook-handler
antigen-bundle
antigen-apply-defer
-antigen-hook-handler
antigen-apply
-antigen-hook-antigen
-antigen-hook-handler
antigen
/home/arrowboy/.zshrc
[WRN][1731024864.1193981171] /home/arrowboy/antigen.zsh:1509
[WRN][1731024864.1193981171] Replaced hooked function.
[LOG][1731024864.1194205284] /home/arrowboy/antigen.zsh:1518
[LOG][1731024864.1194205284] Return from hook antigen-bundle with 0
[LOG][1731024864.1194527149] /home/arrowboy/antigen.zsh:1629
[LOG][1731024864.1194527149] Processing deferred bundle: dnf DEFER
[WRN][1731024864.1195013523] /home/arrowboy/antigen.zsh:1469
[WRN][1731024864.1195013523] Updated meta: target antigen-bundle mode repeat type pre called 13
[WRN][1731024864.1195344925] /home/arrowboy/antigen.zsh:1469
[WRN][1731024864.1195344925] Updated meta: target antigen-bundle mode repeat type replace called 5
[WRN][1731024864.1195595264] /home/arrowboy/antigen.zsh:1484
[WRN][1731024864.1195595264] Processing hooks: antigen-bundle-cached antigen-bundle-parallel
[WRN][1731024864.1195819378] /home/arrowboy/antigen.zsh:1487
[WRN][1731024864.1195819378] Pre hook: antigen-bundle-cached dnf
[WRN][1731024864.1196177006] /home/arrowboy/antigen.zsh:1498
[WRN][1731024864.1196177006] Replace hook: antigen-bundle-parallel dnf
[TRA][1731024864.1196424961] /home/arrowboy/.zshrc:1748
[TRA][1731024864.1196424961] antigen-bundle-parallel: dnf PARALLEL
[TRA][1731024864.1196424961] TRACE
antigen-bundle-parallel
-antigen-hook-handler
antigen-bundle
antigen-apply-defer
-antigen-hook-handler
antigen-apply
-antigen-hook-antigen
-antigen-hook-handler
antigen
/home/arrowboy/.zshrc
[WRN][1731024864.1196794510] /home/arrowboy/antigen.zsh:1509
[WRN][1731024864.1196794510] Replaced hooked function.
[LOG][1731024864.1197030544] /home/arrowboy/antigen.zsh:1518
[LOG][1731024864.1197030544] Return from hook antigen-bundle with 0
[LOG][1731024864.1197352409] /home/arrowboy/antigen.zsh:1629
[LOG][1731024864.1197352409] Processing deferred bundle: autosuggestions DEFER
[WRN][1731024864.1197826862] /home/arrowboy/antigen.zsh:1469
[WRN][1731024864.1197826862] Updated meta: target antigen-bundle mode repeat type pre called 14
[WRN][1731024864.1198158264] /home/arrowboy/antigen.zsh:1469
[WRN][1731024864.1198158264] Updated meta: target antigen-bundle mode repeat type replace called 6
[WRN][1731024864.1198408604] /home/arrowboy/antigen.zsh:1484
[WRN][1731024864.1198408604] Processing hooks: antigen-bundle-cached antigen-bundle-parallel
[WRN][1731024864.1198623180] /home/arrowboy/antigen.zsh:1487
[WRN][1731024864.1198623180] Pre hook: antigen-bundle-cached autosuggestions
[WRN][1731024864.1198978424] /home/arrowboy/antigen.zsh:1498
[WRN][1731024864.1198978424] Replace hook: antigen-bundle-parallel autosuggestions
[TRA][1731024864.1199228764] /home/arrowboy/.zshrc:1748
[TRA][1731024864.1199228764] antigen-bundle-parallel: autosuggestions PARALLEL
[TRA][1731024864.1199228764] TRACE
antigen-bundle-parallel
-antigen-hook-handler
antigen-bundle
antigen-apply-defer
-antigen-hook-handler
antigen-apply
-antigen-hook-antigen
-antigen-hook-handler
antigen
/home/arrowboy/.zshrc
[WRN][1731024864.1199548244] /home/arrowboy/antigen.zsh:1509
[WRN][1731024864.1199548244] Replaced hooked function.
[LOG][1731024864.1199774742] /home/arrowboy/antigen.zsh:1518
[LOG][1731024864.1199774742] Return from hook antigen-bundle with 0
[LOG][1731024864.1200082302] /home/arrowboy/antigen.zsh:1629
[LOG][1731024864.1200082302] Processing deferred bundle: heroku DEFER
[WRN][1731024864.1200556755] /home/arrowboy/antigen.zsh:1469
[WRN][1731024864.1200556755] Updated meta: target antigen-bundle mode repeat type pre called 15
[WRN][1731024864.1200890541] /home/arrowboy/antigen.zsh:1469
[WRN][1731024864.1200890541] Updated meta: target antigen-bundle mode repeat type replace called 7
[WRN][1731024864.1201221943] /home/arrowboy/antigen.zsh:1484
[WRN][1731024864.1201221943] Processing hooks: antigen-bundle-cached antigen-bundle-parallel
[WRN][1731024864.1201460361] /home/arrowboy/antigen.zsh:1487
[WRN][1731024864.1201460361] Pre hook: antigen-bundle-cached heroku
[WRN][1731024864.1201815605] /home/arrowboy/antigen.zsh:1498
[WRN][1731024864.1201815605] Replace hook: antigen-bundle-parallel heroku
[TRA][1731024864.1202054024] /home/arrowboy/.zshrc:1748
[TRA][1731024864.1202054024] antigen-bundle-parallel: heroku PARALLEL
[TRA][1731024864.1202054024] TRACE
antigen-bundle-parallel
-antigen-hook-handler
antigen-bundle
antigen-apply-defer
-antigen-hook-handler
antigen-apply
-antigen-hook-antigen
-antigen-hook-handler
antigen
/home/arrowboy/.zshrc
[WRN][1731024864.1202373505] /home/arrowboy/antigen.zsh:1509
[WRN][1731024864.1202373505] Replaced hooked function.
[LOG][1731024864.1202600002] /home/arrowboy/antigen.zsh:1518
[LOG][1731024864.1202600002] Return from hook antigen-bundle with 0
[LOG][1731024864.1202931404] /home/arrowboy/antigen.zsh:1629
[LOG][1731024864.1202931404] Processing deferred bundle: zsh-users/zsh-syntax-highlighting DEFER
[WRN][1731024864.1203417778] /home/arrowboy/antigen.zsh:1469
[WRN][1731024864.1203417778] Updated meta: target antigen-bundle mode repeat type pre called 16
[WRN][1731024864.1203739643] /home/arrowboy/antigen.zsh:1469
[WRN][1731024864.1203739643] Updated meta: target antigen-bundle mode repeat type replace called 8
[WRN][1731024864.1203987598] /home/arrowboy/antigen.zsh:1484
[WRN][1731024864.1203987598] Processing hooks: antigen-bundle-cached antigen-bundle-parallel
[WRN][1731024864.1204214096] /home/arrowboy/antigen.zsh:1487
[WRN][1731024864.1204214096] Pre hook: antigen-bundle-cached zsh-users/zsh-syntax-highlighting
[WRN][1731024864.1204569340] /home/arrowboy/antigen.zsh:1498
[WRN][1731024864.1204569340] Replace hook: antigen-bundle-parallel zsh-users/zsh-syntax-highlighting
[TRA][1731024864.1204867363] /home/arrowboy/.zshrc:1748
[TRA][1731024864.1204867363] antigen-bundle-parallel: zsh-users/zsh-syntax-highlighting PARALLEL
[TRA][1731024864.1204867363] TRACE
antigen-bundle-parallel
-antigen-hook-handler
antigen-bundle
antigen-apply-defer
-antigen-hook-handler
antigen-apply
-antigen-hook-antigen
-antigen-hook-handler
antigen
/home/arrowboy/.zshrc
[WRN][1731024864.1205270290] /home/arrowboy/antigen.zsh:1509
[WRN][1731024864.1205270290] Replaced hooked function.
[LOG][1731024864.1205520630] /home/arrowboy/antigen.zsh:1518
[LOG][1731024864.1205520630] Return from hook antigen-bundle with 0
[WRN][1731024864.1205959320] /home/arrowboy/antigen.zsh:1498
[WRN][1731024864.1205959320] Replace hook: antigen-apply-parallel-execute
[WRN][1731024864.1206209660] /home/arrowboy/antigen.zsh:1756
[WRN][1731024864.1206209660] Parallel replace-apply PARALLEL REPLACE-APPLY
[WRN][1731024864.1206779480] /home/arrowboy/antigen.zsh:1695
[WRN][1731024864.1206779480] Parallel antigen-bundle-parallel-execute PARALLEL
[WRN][1731024864.1207039356] /home/arrowboy/antigen.zsh:1699
[WRN][1731024864.1207039356] Gonna install in parallel 8 bundles. PARALLEL
[WRN][1731024864.1207253933] /home/arrowboy/antigen.zsh:1701
[WRN][1731024864.1207253933] --loc=lib git pip command-not-found dnf autosuggestions heroku zsh-users/zsh-syntax-highlighting PARALLEL
[WRN][1731024864.1209509373] /home/arrowboy/antigen.zsh:1715
[WRN][1731024864.1209509373] Bundle robbyrussell/oh-my-zsh already cloned locally. PARALLEL
[WRN][1731024864.1210982800] /home/arrowboy/antigen.zsh:1715
[WRN][1731024864.1210982800] Bundle robbyrussell/oh-my-zsh already cloned locally. PARALLEL
[WRN][1731024864.1212453842] /home/arrowboy/antigen.zsh:1715
[WRN][1731024864.1212453842] Bundle robbyrussell/oh-my-zsh already cloned locally. PARALLEL
[WRN][1731024864.1213748455] /home/arrowboy/antigen.zsh:1715
[WRN][1731024864.1213748455] Bundle robbyrussell/oh-my-zsh already cloned locally. PARALLEL
[WRN][1731024864.1214995384] /home/arrowboy/antigen.zsh:1715
[WRN][1731024864.1214995384] Bundle robbyrussell/oh-my-zsh already cloned locally. PARALLEL
[WRN][1731024864.1216218472] /home/arrowboy/antigen.zsh:1715
[WRN][1731024864.1216218472] Bundle robbyrussell/oh-my-zsh already cloned locally. PARALLEL
[WRN][1731024864.1217417717] /home/arrowboy/antigen.zsh:1715
[WRN][1731024864.1217417717] Bundle robbyrussell/oh-my-zsh already cloned locally. PARALLEL
[WRN][1731024864.1218698025] /home/arrowboy/antigen.zsh:1715
[WRN][1731024864.1218698025] Bundle zsh-users/zsh-syntax-highlighting already cloned locally. PARALLEL
[WRN][1731024864.1219482422] /home/arrowboy/antigen.zsh:1469
[WRN][1731024864.1219482422] Updated meta: target antigen-bundle mode repeat type pre called 17
[WRN][1731024864.1219801903] /home/arrowboy/antigen.zsh:1484
[WRN][1731024864.1219801903] Processing hooks: antigen-bundle-cached
[WRN][1731024864.1220040321] /home/arrowboy/antigen.zsh:1487
[WRN][1731024864.1220040321] Pre hook: antigen-bundle-cached --loc=lib
[WRN][1731024864.1220419407] /home/arrowboy/antigen.zsh:1505
[WRN][1731024864.1220419407] -antigen-hook-antigen-bundle --loc=lib
[TRA][1731024864.1220681667] /home/arrowboy/antigen.zsh:1438
[TRA][1731024864.1220681667] Called antigen-bundle with --loc=lib BUNDLE
[TRA][1731024864.1220681667] TRACE
-antigen-hook-antigen-bundle
-antigen-hook-handler
antigen-bundle
antigen-bundle-parallel-execute
antigen-apply-parallel-execute
-antigen-hook-handler
antigen-apply
-antigen-hook-antigen
-antigen-hook-handler
antigen
/home/arrowboy/.zshrc
[WRN][1731024864.1223864555] /home/arrowboy/antigen.zsh:1469
[WRN][1731024864.1223864555] Updated meta: target -antigen-load-env mode repeat type replace called 1
[WRN][1731024864.1224243641] /home/arrowboy/antigen.zsh:1484
[WRN][1731024864.1224243641] Processing hooks: -antigen-load-env-cached
[WRN][1731024864.1224586964] /home/arrowboy/antigen.zsh:1498
[WRN][1731024864.1224586964] Replace hook: -antigen-load-env-cached dir /home/arrowboy/.antigen/bundles/robbyrussell/oh-my-zsh btype plugin url https://github.com/robbyrussell/oh-my-zsh.git loc lib name robbyrussell/oh-my-zsh make_local_clone true
[WRN][1731024864.1225192547] /home/arrowboy/antigen.zsh:1509
[WRN][1731024864.1225192547] Replaced hooked function.
[LOG][1731024864.1225454807] /home/arrowboy/antigen.zsh:1518
[LOG][1731024864.1225454807] Return from hook -antigen-load-env with 0
[WRN][1731024864.1226344109] /home/arrowboy/antigen.zsh:1469
[WRN][1731024864.1226344109] Updated meta: target -antigen-load-source mode repeat type replace called 1
[WRN][1731024864.1226618290] /home/arrowboy/antigen.zsh:1484
[WRN][1731024864.1226618290] Processing hooks: -antigen-load-source-cached
[WRN][1731024864.1226961613] /home/arrowboy/antigen.zsh:1498
[WRN][1731024864.1226961613] Replace hook: -antigen-load-source-cached /home/arrowboy/.antigen/bundles/robbyrussell/oh-my-zsh/lib/async_prompt.zsh /home/arrowboy/.antigen/bundles/robbyrussell/oh-my-zsh/lib/bzr.zsh /home/arrowboy/.antigen/bundles/robbyrussell/oh-my-zsh/lib/clipboard.zsh /home/arrowboy/.antigen/bundles/robbyrussell/oh-my-zsh/lib/cli.zsh /home/arrowboy/.antigen/bundles/robbyrussell/oh-my-zsh/lib/compfix.zsh /home/arrowboy/.antigen/bundles/robbyrussell/oh-my-zsh/lib/completion.zsh /home/arrowboy/.antigen/bundles/robbyrussell/oh-my-zsh/lib/correction.zsh /home/arrowboy/.antigen/bundles/robbyrussell/oh-my-zsh/lib/diagnostics.zsh /home/arrowboy/.antigen/bundles/robbyrussell/oh-my-zsh/lib/directories.zsh /home/arrowboy/.antigen/bundles/robbyrussell/oh-my-zsh/lib/functions.zsh /home/arrowboy/.antigen/bundles/robbyrussell/oh-my-zsh/lib/git.zsh /home/arrowboy/.antigen/bundles/robbyrussell/oh-my-zsh/lib/grep.zsh /home/arrowboy/.antigen/bundles/robbyrussell/oh-my-zsh/lib/history.zsh /home/arrowboy/.antigen/bundles/robbyrussell/oh-my-zsh/lib/key-bindings.zsh /home/arrowboy/.antigen/bundles/robbyrussell/oh-my-zsh/lib/misc.zsh /home/arrowboy/.antigen/bundles/robbyrussell/oh-my-zsh/lib/nvm.zsh /home/arrowboy/.antigen/bundles/robbyrussell/oh-my-zsh/lib/prompt_info_functions.zsh /home/arrowboy/.antigen/bundles/robbyrussell/oh-my-zsh/lib/spectrum.zsh /home/arrowboy/.antigen/bundles/robbyrussell/oh-my-zsh/lib/termsupport.zsh /home/arrowboy/.antigen/bundles/robbyrussell/oh-my-zsh/lib/theme-and-appearance.zsh /home/arrowboy/.antigen/bundles/robbyrussell/oh-my-zsh/lib/vcs_info.zsh
[WRN][1731024864.1227638721] /home/arrowboy/antigen.zsh:1509
[WRN][1731024864.1227638721] Replaced hooked function.
[LOG][1731024864.1227877140] /home/arrowboy/antigen.zsh:1518
[LOG][1731024864.1227877140] Return from hook -antigen-load-source with 0
[LOG][1731024864.1228375435] /home/arrowboy/antigen.zsh:1518
[LOG][1731024864.1228375435] Return from hook antigen-bundle with 0
[WRN][1731024864.1229016781] /home/arrowboy/antigen.zsh:1469
[WRN][1731024864.1229016781] Updated meta: target antigen-bundle mode repeat type pre called 18
[WRN][1731024864.1229276657] /home/arrowboy/antigen.zsh:1484
[WRN][1731024864.1229276657] Processing hooks: antigen-bundle-cached
[WRN][1731024864.1229503155] /home/arrowboy/antigen.zsh:1487
[WRN][1731024864.1229503155] Pre hook: antigen-bundle-cached git
[WRN][1731024864.1229834557] /home/arrowboy/antigen.zsh:1505
[WRN][1731024864.1229834557] -antigen-hook-antigen-bundle git
[TRA][1731024864.1230084896] /home/arrowboy/antigen.zsh:1438
[TRA][1731024864.1230084896] Called antigen-bundle with git BUNDLE
[TRA][1731024864.1230084896] TRACE
-antigen-hook-antigen-bundle
-antigen-hook-handler
antigen-bundle
antigen-bundle-parallel-execute
antigen-apply-parallel-execute
-antigen-hook-handler
antigen-apply
-antigen-hook-antigen
-antigen-hook-handler
antigen
/home/arrowboy/.zshrc
[WRN][1731024864.1232507229] /home/arrowboy/antigen.zsh:1469
[WRN][1731024864.1232507229] Updated meta: target -antigen-load-env mode repeat type replace called 2
[WRN][1731024864.1232838631] /home/arrowboy/antigen.zsh:1484
[WRN][1731024864.1232838631] Processing hooks: -antigen-load-env-cached
[WRN][1731024864.1233277321] /home/arrowboy/antigen.zsh:1498
[WRN][1731024864.1233277321] Replace hook: -antigen-load-env-cached dir /home/arrowboy/.antigen/bundles/robbyrussell/oh-my-zsh btype plugin url https://github.com/robbyrussell/oh-my-zsh.git loc plugins/git name robbyrussell/oh-my-zsh make_local_clone true
[WRN][1731024864.1233801842] /home/arrowboy/antigen.zsh:1509
[WRN][1731024864.1233801842] Replaced hooked function.
[LOG][1731024864.1234037876] /home/arrowboy/antigen.zsh:1518
[LOG][1731024864.1234037876] Return from hook -antigen-load-env with 0
[WRN][1731024864.1234655380] /home/arrowboy/antigen.zsh:1469
[WRN][1731024864.1234655380] Updated meta: target -antigen-load-source mode repeat type replace called 2
[WRN][1731024864.1234917641] /home/arrowboy/antigen.zsh:1484
[WRN][1731024864.1234917641] Processing hooks: -antigen-load-source-cached
[WRN][1731024864.1235189438] /home/arrowboy/antigen.zsh:1498
[WRN][1731024864.1235189438] Replace hook: -antigen-load-source-cached /home/arrowboy/.antigen/bundles/robbyrussell/oh-my-zsh/plugins/git/git.plugin.zsh
[WRN][1731024864.1235523224] /home/arrowboy/antigen.zsh:1509
[WRN][1731024864.1235523224] Replaced hooked function.
[LOG][1731024864.1235747337] /home/arrowboy/antigen.zsh:1518
[LOG][1731024864.1235747337] Return from hook -antigen-load-source with 0
[LOG][1731024864.1236209869] /home/arrowboy/antigen.zsh:1518
[LOG][1731024864.1236209869] Return from hook antigen-bundle with 0
[WRN][1731024864.1236803532] /home/arrowboy/antigen.zsh:1469
[WRN][1731024864.1236803532] Updated meta: target antigen-bundle mode repeat type pre called 19
[WRN][1731024864.1237065792] /home/arrowboy/antigen.zsh:1484
[WRN][1731024864.1237065792] Processing hooks: antigen-bundle-cached
[WRN][1731024864.1237292290] /home/arrowboy/antigen.zsh:1487
[WRN][1731024864.1237292290] Pre hook: antigen-bundle-cached pip
[WRN][1731024864.1237611771] /home/arrowboy/antigen.zsh:1505
[WRN][1731024864.1237611771] -antigen-hook-antigen-bundle pip
[TRA][1731024864.1237862110] /home/arrowboy/antigen.zsh:1438
[TRA][1731024864.1237862110] Called antigen-bundle with pip BUNDLE
[TRA][1731024864.1237862110] TRACE
-antigen-hook-antigen-bundle
-antigen-hook-handler
antigen-bundle
antigen-bundle-parallel-execute
antigen-apply-parallel-execute
-antigen-hook-handler
antigen-apply
-antigen-hook-antigen
-antigen-hook-handler
antigen
/home/arrowboy/.zshrc
[WRN][1731024864.1240353584] /home/arrowboy/antigen.zsh:1469
[WRN][1731024864.1240353584] Updated meta: target -antigen-load-env mode repeat type replace called 3
[WRN][1731024864.1240711212] /home/arrowboy/antigen.zsh:1484
[WRN][1731024864.1240711212] Processing hooks: -antigen-load-env-cached
[WRN][1731024864.1241030693] /home/arrowboy/antigen.zsh:1498
[WRN][1731024864.1241030693] Replace hook: -antigen-load-env-cached dir /home/arrowboy/.antigen/bundles/robbyrussell/oh-my-zsh btype plugin url https://github.com/robbyrussell/oh-my-zsh.git loc plugins/pip name robbyrussell/oh-my-zsh make_local_clone true
[WRN][1731024864.1241600513] /home/arrowboy/antigen.zsh:1509
[WRN][1731024864.1241600513] Replaced hooked function.
[LOG][1731024864.1241862774] /home/arrowboy/antigen.zsh:1518
[LOG][1731024864.1241862774] Return from hook -antigen-load-env with 0
[WRN][1731024864.1242752075] /home/arrowboy/antigen.zsh:1469
[WRN][1731024864.1242752075] Updated meta: target -antigen-load-source mode repeat type replace called 3
[WRN][1731024864.1243181229] /home/arrowboy/antigen.zsh:1484
[WRN][1731024864.1243181229] Processing hooks: -antigen-load-source-cached
[WRN][1731024864.1243596077] /home/arrowboy/antigen.zsh:1498
[WRN][1731024864.1243596077] Replace hook: -antigen-load-source-cached /home/arrowboy/.antigen/bundles/robbyrussell/oh-my-zsh/plugins/pip/pip.plugin.zsh
[WRN][1731024864.1244070530] /home/arrowboy/antigen.zsh:1509
[WRN][1731024864.1244070530] Replaced hooked function.
[LOG][1731024864.1244390011] /home/arrowboy/antigen.zsh:1518
[LOG][1731024864.1244390011] Return from hook -antigen-load-source with 0
[LOG][1731024864.1245067120] /home/arrowboy/antigen.zsh:1518
[LOG][1731024864.1245067120] Return from hook antigen-bundle with 0
[WRN][1731024864.1245946884] /home/arrowboy/antigen.zsh:1469
[WRN][1731024864.1245946884] Updated meta: target antigen-bundle mode repeat type pre called 20
[WRN][1731024864.1246433258] /home/arrowboy/antigen.zsh:1484
[WRN][1731024864.1246433258] Processing hooks: antigen-bundle-cached
[WRN][1731024864.1246800423] /home/arrowboy/antigen.zsh:1487
[WRN][1731024864.1246800423] Pre hook: antigen-bundle-cached command-not-found
[WRN][1731024864.1247322559] /home/arrowboy/antigen.zsh:1505
[WRN][1731024864.1247322559] -antigen-hook-antigen-bundle command-not-found
[TRA][1731024864.1247739792] /home/arrowboy/antigen.zsh:1438
[TRA][1731024864.1247739792] Called antigen-bundle with command-not-found BUNDLE
[TRA][1731024864.1247739792] TRACE
-antigen-hook-antigen-bundle
-antigen-hook-handler
antigen-bundle
antigen-bundle-parallel-execute
antigen-apply-parallel-execute
-antigen-hook-handler
antigen-apply
-antigen-hook-antigen
-antigen-hook-handler
antigen
/home/arrowboy/.zshrc
[WRN][1731024864.1251585484] /home/arrowboy/antigen.zsh:1469
[WRN][1731024864.1251585484] Updated meta: target -antigen-load-env mode repeat type replace called 4
[WRN][1731024864.1253283024] /home/arrowboy/antigen.zsh:1484
[WRN][1731024864.1253283024] Processing hooks: -antigen-load-env-cached
[WRN][1731024864.1254127026] /home/arrowboy/antigen.zsh:1498
[WRN][1731024864.1254127026] Replace hook: -antigen-load-env-cached dir /home/arrowboy/.antigen/bundles/robbyrussell/oh-my-zsh btype plugin url https://github.com/robbyrussell/oh-my-zsh.git loc plugins/command-not-found name robbyrussell/oh-my-zsh make_local_clone true
[WRN][1731024864.1254920959] /home/arrowboy/antigen.zsh:1509
[WRN][1731024864.1254920959] Replaced hooked function.
[LOG][1731024864.1255350113] /home/arrowboy/antigen.zsh:1518
[LOG][1731024864.1255350113] Return from hook -antigen-load-env with 0
[WRN][1731024864.1256275177] /home/arrowboy/antigen.zsh:1469
[WRN][1731024864.1256275177] Updated meta: target -antigen-load-source mode repeat type replace called 4
[WRN][1731024864.1256656647] /home/arrowboy/antigen.zsh:1484
[WRN][1731024864.1256656647] Processing hooks: -antigen-load-source-cached
[WRN][1731024864.1256952286] /home/arrowboy/antigen.zsh:1498
[WRN][1731024864.1256952286] Replace hook: -antigen-load-source-cached /home/arrowboy/.antigen/bundles/robbyrussell/oh-my-zsh/plugins/command-not-found/command-not-found.plugin.zsh
[WRN][1731024864.1257295609] /home/arrowboy/antigen.zsh:1509
[WRN][1731024864.1257295609] Replaced hooked function.
[LOG][1731024864.1257510185] /home/arrowboy/antigen.zsh:1518
[LOG][1731024864.1257510185] Return from hook -antigen-load-source with 0
[LOG][1731024864.1257972717] /home/arrowboy/antigen.zsh:1518
[LOG][1731024864.1257972717] Return from hook antigen-bundle with 0
[WRN][1731024864.1258709431] /home/arrowboy/antigen.zsh:1469
[WRN][1731024864.1258709431] Updated meta: target antigen-bundle mode repeat type pre called 21
[WRN][1731024864.1259016991] /home/arrowboy/antigen.zsh:1484
[WRN][1731024864.1259016991] Processing hooks: antigen-bundle-cached
[WRN][1731024864.1259243488] /home/arrowboy/antigen.zsh:1487
[WRN][1731024864.1259243488] Pre hook: antigen-bundle-cached dnf
[WRN][1731024864.1259598732] /home/arrowboy/antigen.zsh:1505
[WRN][1731024864.1259598732] -antigen-hook-antigen-bundle dnf
[TRA][1731024864.1259849072] /home/arrowboy/antigen.zsh:1438
[TRA][1731024864.1259849072] Called antigen-bundle with dnf BUNDLE
[TRA][1731024864.1259849072] TRACE
-antigen-hook-antigen-bundle
-antigen-hook-handler
antigen-bundle
antigen-bundle-parallel-execute
antigen-apply-parallel-execute
-antigen-hook-handler
antigen-apply
-antigen-hook-antigen
-antigen-hook-handler
antigen
/home/arrowboy/.zshrc
[WRN][1731024864.1263327599] /home/arrowboy/antigen.zsh:1469
[WRN][1731024864.1263327599] Updated meta: target -antigen-load-env mode repeat type replace called 5
[WRN][1731024864.1263685226] /home/arrowboy/antigen.zsh:1484
[WRN][1731024864.1263685226] Processing hooks: -antigen-load-env-cached
[WRN][1731024864.1263992786] /home/arrowboy/antigen.zsh:1498
[WRN][1731024864.1263992786] Replace hook: -antigen-load-env-cached dir /home/arrowboy/.antigen/bundles/robbyrussell/oh-my-zsh btype plugin url https://github.com/robbyrussell/oh-my-zsh.git loc plugins/dnf name robbyrussell/oh-my-zsh make_local_clone true
[WRN][1731024864.1264562607] /home/arrowboy/antigen.zsh:1509
[WRN][1731024864.1264562607] Replaced hooked function.
[LOG][1731024864.1264812946] /home/arrowboy/antigen.zsh:1518
[LOG][1731024864.1264812946] Return from hook -antigen-load-env with 0
[WRN][1731024864.1265442371] /home/arrowboy/antigen.zsh:1469
[WRN][1731024864.1265442371] Updated meta: target -antigen-load-source mode repeat type replace called 5
[WRN][1731024864.1265714169] /home/arrowboy/antigen.zsh:1484
[WRN][1731024864.1265714169] Processing hooks: -antigen-load-source-cached
[WRN][1731024864.1265964508] /home/arrowboy/antigen.zsh:1498
[WRN][1731024864.1265964508] Replace hook: -antigen-load-source-cached /home/arrowboy/.antigen/bundles/robbyrussell/oh-my-zsh/plugins/dnf/dnf.plugin.zsh
[WRN][1731024864.1266307831] /home/arrowboy/antigen.zsh:1509
[WRN][1731024864.1266307831] Replaced hooked function.
[LOG][1731024864.1266534328] /home/arrowboy/antigen.zsh:1518
[LOG][1731024864.1266534328] Return from hook -antigen-load-source with 0
[LOG][1731024864.1266996861] /home/arrowboy/antigen.zsh:1518
[LOG][1731024864.1266996861] Return from hook antigen-bundle with 0
[WRN][1731024864.1267614365] /home/arrowboy/antigen.zsh:1469
[WRN][1731024864.1267614365] Updated meta: target antigen-bundle mode repeat type pre called 22
[WRN][1731024864.1267862320] /home/arrowboy/antigen.zsh:1484
[WRN][1731024864.1267862320] Processing hooks: antigen-bundle-cached
[WRN][1731024864.1268088818] /home/arrowboy/antigen.zsh:1487
[WRN][1731024864.1268088818] Pre hook: antigen-bundle-cached autosuggestions
[WRN][1731024864.1268420219] /home/arrowboy/antigen.zsh:1505
[WRN][1731024864.1268420219] -antigen-hook-antigen-bundle autosuggestions
[TRA][1731024864.1268682480] /home/arrowboy/antigen.zsh:1438
[TRA][1731024864.1268682480] Called antigen-bundle with autosuggestions BUNDLE
[TRA][1731024864.1268682480] TRACE
-antigen-hook-antigen-bundle
-antigen-hook-handler
antigen-bundle
antigen-bundle-parallel-execute
antigen-apply-parallel-execute
-antigen-hook-handler
antigen-apply
-antigen-hook-antigen
-antigen-hook-handler
antigen
/home/arrowboy/.zshrc
[WRN][1731024864.1270937920] /home/arrowboy/antigen.zsh:1469
[WRN][1731024864.1270937920] Updated meta: target -antigen-load-env mode repeat type replace called 6
[WRN][1731024864.1271376610] /home/arrowboy/antigen.zsh:1484
[WRN][1731024864.1271376610] Processing hooks: -antigen-load-env-cached
[WRN][1731024864.1271698475] /home/arrowboy/antigen.zsh:1498
[WRN][1731024864.1271698475] Replace hook: -antigen-load-env-cached dir /home/arrowboy/.antigen/bundles/robbyrussell/oh-my-zsh btype plugin url https://github.com/robbyrussell/oh-my-zsh.git loc plugins/autosuggestions name robbyrussell/oh-my-zsh make_local_clone true
[WRN][1731024864.1272184849] /home/arrowboy/antigen.zsh:1509
[WRN][1731024864.1272184849] Replaced hooked function.
[LOG][1731024864.1272411346] /home/arrowboy/antigen.zsh:1518
[LOG][1731024864.1272411346] Return from hook -antigen-load-env with 0
[WRN][1731024864.1273052692] /home/arrowboy/antigen.zsh:1469
[WRN][1731024864.1273052692] Updated meta: target -antigen-load-source mode repeat type replace called 6
[WRN][1731024864.1273324490] /home/arrowboy/antigen.zsh:1484
[WRN][1731024864.1273324490] Processing hooks: -antigen-load-source-cached
[WRN][1731024864.1273598671] /home/arrowboy/antigen.zsh:1498
[WRN][1731024864.1273598671] Replace hook: -antigen-load-source-cached
[WRN][1731024864.1273941994] /home/arrowboy/antigen.zsh:1509
[WRN][1731024864.1273941994] Replaced hooked function.
[LOG][1731024864.1274180412] /home/arrowboy/antigen.zsh:1518
[LOG][1731024864.1274180412] Return from hook -antigen-load-source with 0
[LOG][1731024864.1274631023] /home/arrowboy/antigen.zsh:1518
[LOG][1731024864.1274631023] Return from hook antigen-bundle with 0
[WRN][1731024864.1275260448] /home/arrowboy/antigen.zsh:1469
[WRN][1731024864.1275260448] Updated meta: target antigen-bundle mode repeat type pre called 23
[WRN][1731024864.1275591850] /home/arrowboy/antigen.zsh:1484
[WRN][1731024864.1275591850] Processing hooks: antigen-bundle-cached
[WRN][1731024864.1275830269] /home/arrowboy/antigen.zsh:1487
[WRN][1731024864.1275830269] Pre hook: antigen-bundle-cached heroku
[WRN][1731024864.1276173592] /home/arrowboy/antigen.zsh:1505
[WRN][1731024864.1276173592] -antigen-hook-antigen-bundle heroku
[TRA][1731024864.1276412010] /home/arrowboy/antigen.zsh:1438
[TRA][1731024864.1276412010] Called antigen-bundle with heroku BUNDLE
[TRA][1731024864.1276412010] TRACE
-antigen-hook-antigen-bundle
-antigen-hook-handler
antigen-bundle
antigen-bundle-parallel-execute
antigen-apply-parallel-execute
-antigen-hook-handler
antigen-apply
-antigen-hook-antigen
-antigen-hook-handler
antigen
/home/arrowboy/.zshrc
[WRN][1731024864.1282942295] /home/arrowboy/antigen.zsh:1469
[WRN][1731024864.1282942295] Updated meta: target -antigen-load-env mode repeat type replace called 7
[WRN][1731024864.1285743713] /home/arrowboy/antigen.zsh:1484
[WRN][1731024864.1285743713] Processing hooks: -antigen-load-env-cached
[WRN][1731024864.1288378239] /home/arrowboy/antigen.zsh:1498
[WRN][1731024864.1288378239] Replace hook: -antigen-load-env-cached dir /home/arrowboy/.antigen/bundles/robbyrussell/oh-my-zsh btype plugin url https://github.com/robbyrussell/oh-my-zsh.git loc plugins/heroku name robbyrussell/oh-my-zsh make_local_clone true
[WRN][1731024864.1292796135] /home/arrowboy/antigen.zsh:1509
[WRN][1731024864.1292796135] Replaced hooked function.
[LOG][1731024864.1294445992] /home/arrowboy/antigen.zsh:1518
[LOG][1731024864.1294445992] Return from hook -antigen-load-env with 0
[WRN][1731024864.1295206547] /home/arrowboy/antigen.zsh:1469
[WRN][1731024864.1295206547] Updated meta: target -antigen-load-source mode repeat type replace called 7
[WRN][1731024864.1295502186] /home/arrowboy/antigen.zsh:1484
[WRN][1731024864.1295502186] Processing hooks: -antigen-load-source-cached
[WRN][1731024864.1295800209] /home/arrowboy/antigen.zsh:1498
[WRN][1731024864.1295800209] Replace hook: -antigen-load-source-cached /home/arrowboy/.antigen/bundles/robbyrussell/oh-my-zsh/plugins/heroku/heroku.plugin.zsh
[WRN][1731024864.1296155453] /home/arrowboy/antigen.zsh:1509
[WRN][1731024864.1296155453] Replaced hooked function.
[LOG][1731024864.1296405792] /home/arrowboy/antigen.zsh:1518
[LOG][1731024864.1296405792] Return from hook -antigen-load-source with 0
[LOG][1731024864.1296904087] /home/arrowboy/antigen.zsh:1518
[LOG][1731024864.1296904087] Return from hook antigen-bundle with 0
[WRN][1731024864.1297593117] /home/arrowboy/antigen.zsh:1469
[WRN][1731024864.1297593117] Updated meta: target antigen-bundle mode repeat type pre called 24
[WRN][1731024864.1297876835] /home/arrowboy/antigen.zsh:1484
[WRN][1731024864.1297876835] Processing hooks: antigen-bundle-cached
[WRN][1731024864.1298115253] /home/arrowboy/antigen.zsh:1487
[WRN][1731024864.1298115253] Pre hook: antigen-bundle-cached zsh-users/zsh-syntax-highlighting
[WRN][1731024864.1298494339] /home/arrowboy/antigen.zsh:1505
[WRN][1731024864.1298494339] -antigen-hook-antigen-bundle zsh-users/zsh-syntax-highlighting
[TRA][1731024864.1298768520] /home/arrowboy/antigen.zsh:1438
[TRA][1731024864.1298768520] Called antigen-bundle with zsh-users/zsh-syntax-highlighting BUNDLE
[TRA][1731024864.1298768520] TRACE
-antigen-hook-antigen-bundle
-antigen-hook-handler
antigen-bundle
antigen-bundle-parallel-execute
antigen-apply-parallel-execute
-antigen-hook-handler
antigen-apply
-antigen-hook-antigen
-antigen-hook-handler
antigen
/home/arrowboy/.zshrc
[WRN][1731024864.1301438808] /home/arrowboy/antigen.zsh:1469
[WRN][1731024864.1301438808] Updated meta: target -antigen-load-env mode repeat type replace called 8
[WRN][1731024864.1301841736] /home/arrowboy/antigen.zsh:1484
[WRN][1731024864.1301841736] Processing hooks: -antigen-load-env-cached
[WRN][1731024864.1302187443] /home/arrowboy/antigen.zsh:1498
[WRN][1731024864.1302187443] Replace hook: -antigen-load-env-cached dir /home/arrowboy/.antigen/bundles/zsh-users/zsh-syntax-highlighting btype plugin url https://github.com/zsh-users/zsh-syntax-highlighting.git loc / name zsh-users/zsh-syntax-highlighting make_local_clone true
[WRN][1731024864.1302793026] /home/arrowboy/antigen.zsh:1509
[WRN][1731024864.1302793026] Replaced hooked function.
[LOG][1731024864.1303052902] /home/arrowboy/antigen.zsh:1518
[LOG][1731024864.1303052902] Return from hook -antigen-load-env with 0
[WRN][1731024864.1303730011] /home/arrowboy/antigen.zsh:1469
[WRN][1731024864.1303730011] Updated meta: target -antigen-load-source mode repeat type replace called 8
[WRN][1731024864.1304051876] /home/arrowboy/antigen.zsh:1484
[WRN][1731024864.1304051876] Processing hooks: -antigen-load-source-cached
[WRN][1731024864.1304371357] /home/arrowboy/antigen.zsh:1498
[WRN][1731024864.1304371357] Replace hook: -antigen-load-source-cached /home/arrowboy/.antigen/bundles/zsh-users/zsh-syntax-highlighting///zsh-syntax-highlighting.plugin.zsh
[WRN][1731024864.1304762363] /home/arrowboy/antigen.zsh:1509
[WRN][1731024864.1304762363] Replaced hooked function.
[LOG][1731024864.1305024624] /home/arrowboy/antigen.zsh:1518
[LOG][1731024864.1305024624] Return from hook -antigen-load-source with 0
[LOG][1731024864.1305546761] /home/arrowboy/antigen.zsh:1518
[LOG][1731024864.1305546761] Return from hook antigen-bundle with 0
[WRN][1731024864.1305902004] /home/arrowboy/antigen.zsh:1739
[WRN][1731024864.1305902004] Parallel install done PARALLEL
[WRN][1731024864.1306924820] /home/arrowboy/antigen.zsh:1462
[WRN][1731024864.1306924820] Ignoring hook due to mode once: antigen-apply-lock
[WRN][1731024864.1307244301] /home/arrowboy/antigen.zsh:1462
[WRN][1731024864.1307244301] Ignoring hook due to mode once: antigen-apply-parallel
[WRN][1731024864.1307542324] /home/arrowboy/antigen.zsh:1462
[WRN][1731024864.1307542324] Ignoring hook due to mode once: antigen-apply-defer
[WRN][1731024864.1307837963] /home/arrowboy/antigen.zsh:1462
[WRN][1731024864.1307837963] Ignoring hook due to mode once: antigen-apply-cached
[WRN][1731024864.1308076382] /home/arrowboy/antigen.zsh:1484
[WRN][1731024864.1308076382] Processing hooks: antigen-apply-lock antigen-apply-parallel antigen-apply-defer antigen-apply-cached
[WRN][1731024864.1308348179] /home/arrowboy/antigen.zsh:1505
[WRN][1731024864.1308348179] -antigen-hook-antigen-apply 
[LOG][1731024864.1308634281] /home/arrowboy/antigen.zsh:1438
[LOG][1731024864.1308634281] Called antigen-apply
[TRA][1731024864.1308870316] /home/arrowboy/antigen.zsh:1439
[TRA][1731024864.1308870316] Gonna create compdump file @ apply COMPDUMP
[TRA][1731024864.1308870316] TRACE
-antigen-hook-antigen-apply
-antigen-hook-handler
antigen-apply
antigen-apply-parallel-execute
-antigen-hook-handler
antigen-apply
-antigen-hook-antigen
-antigen-hook-handler
antigen
/home/arrowboy/.zshrc
[LOG][1731024864.2906897068] /home/arrowboy/antigen.zsh:1518
[LOG][1731024864.2906897068] Return from hook antigen-apply with 0
[WRN][1731024864.2908735275] /home/arrowboy/antigen.zsh:1509
[WRN][1731024864.2908735275] Replaced hooked function.
[WRN][1731024864.2909069061] /home/arrowboy/antigen.zsh:1513
[WRN][1731024864.2909069061] Post hook: antigen-apply-lock
[WRN][1731024864.2909436226] /home/arrowboy/antigen.zsh:1676
[WRN][1731024864.2909436226] Freeing antigen-lock file at /home/arrowboy/.antigen/.lock
[WRN][1731024864.2922568321] /home/arrowboy/antigen.zsh:1513
[WRN][1731024864.2922568321] Post hook: antigen-apply-cached
[LOG][1731024864.2923078537] /home/arrowboy/antigen.zsh:1893
[LOG][1731024864.2923078537] TRACE: /home/arrowboy/antigen.zsh:1514 /home/arrowboy/antigen.zsh:1441 /home/arrowboy/antigen.zsh:1447 /home/arrowboy/antigen.zsh:1506 /home/arrowboy/antigen.zsh:1441 /home/arrowboy/.zshrc:24 zsh:0
[LOG][1731024864.2926983833] /home/arrowboy/antigen.zsh:1787
[LOG][1731024864.2926983833] Gonna generate cache for /home/arrowboy/.antigen/bundles/robbyrussell/oh-my-zsh/lib /home/arrowboy/.antigen/bundles/robbyrussell/oh-my-zsh/lib/async_prompt.zsh /home/arrowboy/.antigen/bundles/robbyrussell/oh-my-zsh/lib/bzr.zsh /home/arrowboy/.antigen/bundles/robbyrussell/oh-my-zsh/lib/clipboard.zsh /home/arrowboy/.antigen/bundles/robbyrussell/oh-my-zsh/lib/cli.zsh /home/arrowboy/.antigen/bundles/robbyrussell/oh-my-zsh/lib/compfix.zsh /home/arrowboy/.antigen/bundles/robbyrussell/oh-my-zsh/lib/completion.zsh /home/arrowboy/.antigen/bundles/robbyrussell/oh-my-zsh/lib/correction.zsh /home/arrowboy/.antigen/bundles/robbyrussell/oh-my-zsh/lib/diagnostics.zsh /home/arrowboy/.antigen/bundles/robbyrussell/oh-my-zsh/lib/directories.zsh /home/arrowboy/.antigen/bundles/robbyrussell/oh-my-zsh/lib/functions.zsh /home/arrowboy/.antigen/bundles/robbyrussell/oh-my-zsh/lib/git.zsh /home/arrowboy/.antigen/bundles/robbyrussell/oh-my-zsh/lib/grep.zsh /home/arrowboy/.antigen/bundles/robbyrussell/oh-my-zsh/lib/history.zsh /home/arrowboy/.antigen/bundles/robbyrussell/oh-my-zsh/lib/key-bindings.zsh /home/arrowboy/.antigen/bundles/robbyrussell/oh-my-zsh/lib/misc.zsh /home/arrowboy/.antigen/bundles/robbyrussell/oh-my-zsh/lib/nvm.zsh /home/arrowboy/.antigen/bundles/robbyrussell/oh-my-zsh/lib/prompt_info_functions.zsh /home/arrowboy/.antigen/bundles/robbyrussell/oh-my-zsh/lib/spectrum.zsh /home/arrowboy/.antigen/bundles/robbyrussell/oh-my-zsh/lib/termsupport.zsh /home/arrowboy/.antigen/bundles/robbyrussell/oh-my-zsh/lib/theme-and-appearance.zsh /home/arrowboy/.antigen/bundles/robbyrussell/oh-my-zsh/lib/vcs_info.zsh /home/arrowboy/.antigen/bundles/robbyrussell/oh-my-zsh/plugins/git /home/arrowboy/.antigen/bundles/robbyrussell/oh-my-zsh/plugins/git/git.plugin.zsh /home/arrowboy/.antigen/bundles/robbyrussell/oh-my-zsh/plugins/pip /home/arrowboy/.antigen/bundles/robbyrussell/oh-my-zsh/plugins/pip/pip.plugin.zsh /home/arrowboy/.antigen/bundles/robbyrussell/oh-my-zsh/plugins/command-not-found /home/arrowboy/.antigen/bundles/robbyrussell/oh-my-zsh/plugins/command-not-found/command-not-found.plugin.zsh /home/arrowboy/.antigen/bundles/robbyrussell/oh-my-zsh/plugins/dnf /home/arrowboy/.antigen/bundles/robbyrussell/oh-my-zsh/plugins/dnf/dnf.plugin.zsh /home/arrowboy/.antigen/bundles/robbyrussell/oh-my-zsh/plugins/autosuggestions /home/arrowboy/.antigen/bundles/robbyrussell/oh-my-zsh/plugins/heroku /home/arrowboy/.antigen/bundles/robbyrussell/oh-my-zsh/plugins/heroku/heroku.plugin.zsh /home/arrowboy/.antigen/bundles/zsh-users/zsh-syntax-highlighting// /home/arrowboy/.antigen/bundles/zsh-users/zsh-syntax-highlighting///zsh-syntax-highlighting.plugin.zsh
[LOG][1731024864.2985339165] /home/arrowboy/antigen.zsh:1844
[LOG][1731024864.2985339165] CHECK_FILES /home/arrowboy/.zshrc /home/arrowboy/.zshrc
[LOG][1731024864.3263311386] /home/arrowboy/antigen.zsh:1518
[LOG][1731024864.3263311386] Return from hook antigen-apply with 0
[LOG][1731024864.3264949322] /home/arrowboy/antigen.zsh:1518
[LOG][1731024864.3264949322] Return from hook antigen with 0
[WRN][1731025125.3584947586] /home/arrowboy/antigen.zsh:266
[WRN][1731025125.3584947586] -antigen-interactive-mode: file:file:shfunc:shfunc $_ANTIGEN_INTERACTIVE = 
[WRN][1731025125.3586373329] /home/arrowboy/antigen.zsh:1572
[WRN][1731025125.3586373329] -antigen-lock-init return code was 0
[LOG][1731025125.3586659431] /home/arrowboy/antigen.zsh:1574
[LOG][1731025125.3586659431] LOADED EXTENSION lock EXT
[WRN][1731025125.3598601818] /home/arrowboy/antigen.zsh:1684
[WRN][1731025125.3598601818] Init parallel extension PARALLEL
[WRN][1731025125.3599028587] /home/arrowboy/antigen.zsh:266
[WRN][1731025125.3599028587] -antigen-interactive-mode: file:file:shfunc:shfunc:shfunc:eval:shfunc:shfunc $_ANTIGEN_INTERACTIVE = 
[WRN][1731025125.3599421978] /home/arrowboy/antigen.zsh:1572
[WRN][1731025125.3599421978] -antigen-parallel-init return code was 0
[LOG][1731025125.3599658012] /home/arrowboy/antigen.zsh:1574
[LOG][1731025125.3599658012] LOADED EXTENSION parallel EXT
[WRN][1731025125.3599920273] /home/arrowboy/antigen.zsh:1692
[WRN][1731025125.3599920273] Exec parallel extension PARALLEL
[WRN][1731025125.3601772785] /home/arrowboy/antigen.zsh:266
[WRN][1731025125.3601772785] -antigen-interactive-mode: file:file:shfunc:shfunc:shfunc:eval:shfunc:shfunc $_ANTIGEN_INTERACTIVE = 
[WRN][1731025125.3602151871] /home/arrowboy/antigen.zsh:1572
[WRN][1731025125.3602151871] -antigen-defer-init return code was 0
[LOG][1731025125.3602461815] /home/arrowboy/antigen.zsh:1574
[LOG][1731025125.3602461815] LOADED EXTENSION defer EXT
[WRN][1731025125.3609180450] /home/arrowboy/antigen.zsh:266
[WRN][1731025125.3609180450] -antigen-interactive-mode: file:file:shfunc:shfunc:shfunc:eval:shfunc:shfunc $_ANTIGEN_INTERACTIVE = 
[WRN][1731025125.3610236645] /home/arrowboy/antigen.zsh:1572
[WRN][1731025125.3610236645] -antigen-cache-init return code was 0
[LOG][1731025125.3610498905] /home/arrowboy/antigen.zsh:1574
[LOG][1731025125.3610498905] LOADED EXTENSION cache EXT
[WRN][1731025125.3621563911] /home/arrowboy/antigen.zsh:1469
[WRN][1731025125.3621563911] Updated meta: target antigen mode once type pre called 1
[WRN][1731025125.3621954918] /home/arrowboy/antigen.zsh:1484
[WRN][1731025125.3621954918] Processing hooks: antigen-lock
[WRN][1731025125.3622217178] /home/arrowboy/antigen.zsh:1487
[WRN][1731025125.3622217178] Pre hook: antigen-lock use oh-my-zsh
[LOG][1731025125.3622488976] /home/arrowboy/antigen.zsh:1658
[LOG][1731025125.3622488976] antigen-lock called
[WRN][1731025125.3622739315] /home/arrowboy/antigen.zsh:1669
[WRN][1731025125.3622739315] Creating antigen-lock file at /home/arrowboy/.antigen/.lock
[WRN][1731025125.3639705181] /home/arrowboy/antigen.zsh:1505
[WRN][1731025125.3639705181] -antigen-hook-antigen use oh-my-zsh
[WRN][1731025125.3651921749] /home/arrowboy/antigen.zsh:1469
[WRN][1731025125.3651921749] Updated meta: target antigen-bundle mode repeat type replace called 1
[WRN][1731025125.3652503490] /home/arrowboy/antigen.zsh:1469
[WRN][1731025125.3652503490] Updated meta: target antigen-bundle mode repeat type pre called 1
[WRN][1731025125.3652813435] /home/arrowboy/antigen.zsh:1484
[WRN][1731025125.3652813435] Processing hooks: antigen-bundle-defer antigen-bundle-cached
[WRN][1731025125.3653061390] /home/arrowboy/antigen.zsh:1487
[WRN][1731025125.3653061390] Pre hook: antigen-bundle-cached --loc=lib
[WRN][1731025125.3653488159] /home/arrowboy/antigen.zsh:1498
[WRN][1731025125.3653488159] Replace hook: antigen-bundle-defer --loc=lib
[WRN][1731025125.3653893471] /home/arrowboy/antigen.zsh:1500
[WRN][1731025125.3653893471] antigen-bundle-defer shortcircuited
[LOG][1731025125.3654522896] /home/arrowboy/antigen.zsh:1518
[LOG][1731025125.3654522896] Return from hook antigen with 0
[WRN][1731025125.3655364513] /home/arrowboy/antigen.zsh:1462
[WRN][1731025125.3655364513] Ignoring hook due to mode once: antigen-lock
[WRN][1731025125.3655626774] /home/arrowboy/antigen.zsh:1484
[WRN][1731025125.3655626774] Processing hooks: antigen-lock
[WRN][1731025125.3655886650] /home/arrowboy/antigen.zsh:1505
[WRN][1731025125.3655886650] -antigen-hook-antigen bundle git
[WRN][1731025125.3656527996] /home/arrowboy/antigen.zsh:1469
[WRN][1731025125.3656527996] Updated meta: target antigen-bundle mode repeat type replace called 2
[WRN][1731025125.3656897545] /home/arrowboy/antigen.zsh:1469
[WRN][1731025125.3656897545] Updated meta: target antigen-bundle mode repeat type pre called 2
[WRN][1731025125.3657157421] /home/arrowboy/antigen.zsh:1484
[WRN][1731025125.3657157421] Processing hooks: antigen-bundle-defer antigen-bundle-cached
[WRN][1731025125.3657383919] /home/arrowboy/antigen.zsh:1487
[WRN][1731025125.3657383919] Pre hook: antigen-bundle-cached git
[WRN][1731025125.3657763004] /home/arrowboy/antigen.zsh:1498
[WRN][1731025125.3657763004] Replace hook: antigen-bundle-defer git
[WRN][1731025125.3658084869] /home/arrowboy/antigen.zsh:1500
[WRN][1731025125.3658084869] antigen-bundle-defer shortcircuited
[LOG][1731025125.3658523560] /home/arrowboy/antigen.zsh:1518
[LOG][1731025125.3658523560] Return from hook antigen with 0
[WRN][1731025125.3659105301] /home/arrowboy/antigen.zsh:1462
[WRN][1731025125.3659105301] Ignoring hook due to mode once: antigen-lock
[WRN][1731025125.3659353256] /home/arrowboy/antigen.zsh:1484
[WRN][1731025125.3659353256] Processing hooks: antigen-lock
[WRN][1731025125.3659615517] /home/arrowboy/antigen.zsh:1505
[WRN][1731025125.3659615517] -antigen-hook-antigen bundle pip
[WRN][1731025125.3660304546] /home/arrowboy/antigen.zsh:1469
[WRN][1731025125.3660304546] Updated meta: target antigen-bundle mode repeat type replace called 3
[WRN][1731025125.3660671711] /home/arrowboy/antigen.zsh:1469
[WRN][1731025125.3660671711] Updated meta: target antigen-bundle mode repeat type pre called 3
[WRN][1731025125.3660933971] /home/arrowboy/antigen.zsh:1484
[WRN][1731025125.3660933971] Processing hooks: antigen-bundle-defer antigen-bundle-cached
[WRN][1731025125.3661277294] /home/arrowboy/antigen.zsh:1487
[WRN][1731025125.3661277294] Pre hook: antigen-bundle-cached pip
[WRN][1731025125.3661668301] /home/arrowboy/antigen.zsh:1498
[WRN][1731025125.3661668301] Replace hook: antigen-bundle-defer pip
[WRN][1731025125.3661990166] /home/arrowboy/antigen.zsh:1500
[WRN][1731025125.3661990166] antigen-bundle-defer shortcircuited
[LOG][1731025125.3662416935] /home/arrowboy/antigen.zsh:1518
[LOG][1731025125.3662416935] Return from hook antigen with 0
[WRN][1731025125.3662998676] /home/arrowboy/antigen.zsh:1462
[WRN][1731025125.3662998676] Ignoring hook due to mode once: antigen-lock
[WRN][1731025125.3663249016] /home/arrowboy/antigen.zsh:1484
[WRN][1731025125.3663249016] Processing hooks: antigen-lock
[WRN][1731025125.3663508892] /home/arrowboy/antigen.zsh:1505
[WRN][1731025125.3663508892] -antigen-hook-antigen bundle dnf
[WRN][1731025125.3664090633] /home/arrowboy/antigen.zsh:1469
[WRN][1731025125.3664090633] Updated meta: target antigen-bundle mode repeat type replace called 4
[WRN][1731025125.3664448261] /home/arrowboy/antigen.zsh:1469
[WRN][1731025125.3664448261] Updated meta: target antigen-bundle mode repeat type pre called 4
[WRN][1731025125.3664708138] /home/arrowboy/antigen.zsh:1484
[WRN][1731025125.3664708138] Processing hooks: antigen-bundle-defer antigen-bundle-cached
[WRN][1731025125.3664946556] /home/arrowboy/antigen.zsh:1487
[WRN][1731025125.3664946556] Pre hook: antigen-bundle-cached dnf
[WRN][1731025125.3665301800] /home/arrowboy/antigen.zsh:1498
[WRN][1731025125.3665301800] Replace hook: antigen-bundle-defer dnf
[WRN][1731025125.3665623665] /home/arrowboy/antigen.zsh:1500
[WRN][1731025125.3665623665] antigen-bundle-defer shortcircuited
[LOG][1731025125.3666038513] /home/arrowboy/antigen.zsh:1518
[LOG][1731025125.3666038513] Return from hook antigen with 0
[WRN][1731025125.3666608334] /home/arrowboy/antigen.zsh:1462
[WRN][1731025125.3666608334] Ignoring hook due to mode once: antigen-lock
[WRN][1731025125.3666858673] /home/arrowboy/antigen.zsh:1484
[WRN][1731025125.3666858673] Processing hooks: antigen-lock
[WRN][1731025125.3667118549] /home/arrowboy/antigen.zsh:1505
[WRN][1731025125.3667118549] -antigen-hook-antigen bundle autosuggestions
[WRN][1731025125.3667700291] /home/arrowboy/antigen.zsh:1469
[WRN][1731025125.3667700291] Updated meta: target antigen-bundle mode repeat type replace called 5
[WRN][1731025125.3668045998] /home/arrowboy/antigen.zsh:1469
[WRN][1731025125.3668045998] Updated meta: target antigen-bundle mode repeat type pre called 5
[WRN][1731025125.3668305874] /home/arrowboy/antigen.zsh:1484
[WRN][1731025125.3668305874] Processing hooks: antigen-bundle-defer antigen-bundle-cached
[WRN][1731025125.3668532372] /home/arrowboy/antigen.zsh:1487
[WRN][1731025125.3668532372] Pre hook: antigen-bundle-cached autosuggestions
[WRN][1731025125.3668887615] /home/arrowboy/antigen.zsh:1498
[WRN][1731025125.3668887615] Replace hook: antigen-bundle-defer autosuggestions
[WRN][1731025125.3669219017] /home/arrowboy/antigen.zsh:1500
[WRN][1731025125.3669219017] antigen-bundle-defer shortcircuited
[LOG][1731025125.3669683933] /home/arrowboy/antigen.zsh:1518
[LOG][1731025125.3669683933] Return from hook antigen with 0
[WRN][1731025125.3670289516] /home/arrowboy/antigen.zsh:1462
[WRN][1731025125.3670289516] Ignoring hook due to mode once: antigen-lock
[WRN][1731025125.3670537472] /home/arrowboy/antigen.zsh:1484
[WRN][1731025125.3670537472] Processing hooks: antigen-lock
[WRN][1731025125.3670787811] /home/arrowboy/antigen.zsh:1505
[WRN][1731025125.3670787811] -antigen-hook-antigen bundle zsh-users/zsh-syntax-highlighting
[WRN][1731025125.3672389984] /home/arrowboy/antigen.zsh:1469
[WRN][1731025125.3672389984] Updated meta: target antigen-bundle mode repeat type replace called 6
[WRN][1731025125.3673505783] /home/arrowboy/antigen.zsh:1469
[WRN][1731025125.3673505783] Updated meta: target antigen-bundle mode repeat type pre called 6
[WRN][1731025125.3674099445] /home/arrowboy/antigen.zsh:1484
[WRN][1731025125.3674099445] Processing hooks: antigen-bundle-defer antigen-bundle-cached
[WRN][1731025125.3674585819] /home/arrowboy/antigen.zsh:1487
[WRN][1731025125.3674585819] Pre hook: antigen-bundle-cached zsh-users/zsh-syntax-highlighting
[WRN][1731025125.3675370216] /home/arrowboy/antigen.zsh:1498
[WRN][1731025125.3675370216] Replace hook: antigen-bundle-defer zsh-users/zsh-syntax-highlighting
[WRN][1731025125.3676035404] /home/arrowboy/antigen.zsh:1500
[WRN][1731025125.3676035404] antigen-bundle-defer shortcircuited
[LOG][1731025125.3676877022] /home/arrowboy/antigen.zsh:1518
[LOG][1731025125.3676877022] Return from hook antigen with 0
[WRN][1731025125.3678195477] /home/arrowboy/antigen.zsh:1462
[WRN][1731025125.3678195477] Ignoring hook due to mode once: antigen-lock
[WRN][1731025125.3678693771] /home/arrowboy/antigen.zsh:1484
[WRN][1731025125.3678693771] Processing hooks: antigen-lock
[WRN][1731025125.3679192066] /home/arrowboy/antigen.zsh:1505
[WRN][1731025125.3679192066] -antigen-hook-antigen apply
[WRN][1731025125.3680486679] /home/arrowboy/antigen.zsh:1469
[WRN][1731025125.3680486679] Updated meta: target antigen-apply mode once type post called 1
[WRN][1731025125.3681318760] /home/arrowboy/antigen.zsh:1469
[WRN][1731025125.3681318760] Updated meta: target antigen-apply mode once type pre called 1
[WRN][1731025125.3681697845] /home/arrowboy/antigen.zsh:1469
[WRN][1731025125.3681697845] Updated meta: target antigen-apply mode once type replace called 1
[WRN][1731025125.3682031631] /home/arrowboy/antigen.zsh:1469
[WRN][1731025125.3682031631] Updated meta: target antigen-apply mode once type pre called 1
[WRN][1731025125.3682374954] /home/arrowboy/antigen.zsh:1469
[WRN][1731025125.3682374954] Updated meta: target antigen-apply mode once type post called 1
[WRN][1731025125.3682637215] /home/arrowboy/antigen.zsh:1484
[WRN][1731025125.3682637215] Processing hooks: antigen-apply-lock antigen-apply-parallel antigen-apply-parallel-execute antigen-apply-defer antigen-apply-cached
[WRN][1731025125.3682873249] /home/arrowboy/antigen.zsh:1487
[WRN][1731025125.3682873249] Pre hook: antigen-apply-parallel
[WRN][1731025125.3683135509] /home/arrowboy/antigen.zsh:1744
[WRN][1731025125.3683135509] Parallel pre-apply PARALLEL PRE-APPLY
[WRN][1731025125.3683812618] /home/arrowboy/antigen.zsh:1487
[WRN][1731025125.3683812618] Pre hook: antigen-apply-defer
[WRN][1731025125.3684084415] /home/arrowboy/antigen.zsh:1623
[WRN][1731025125.3684084415] Defer pre-apply DEFER PRE-APPLY
[LOG][1731025125.3684761524] /home/arrowboy/antigen.zsh:1629
[LOG][1731025125.3684761524] Processing deferred bundle: --loc=lib DEFER
[WRN][1731025125.3685355186] /home/arrowboy/antigen.zsh:1469
[WRN][1731025125.3685355186] Updated meta: target antigen-bundle mode repeat type pre called 7
[WRN][1731025125.3685734272] /home/arrowboy/antigen.zsh:1469
[WRN][1731025125.3685734272] Updated meta: target antigen-bundle mode repeat type replace called 1
[WRN][1731025125.3686008453] /home/arrowboy/antigen.zsh:1484
[WRN][1731025125.3686008453] Processing hooks: antigen-bundle-cached antigen-bundle-parallel
[WRN][1731025125.3686232567] /home/arrowboy/antigen.zsh:1487
[WRN][1731025125.3686232567] Pre hook: antigen-bundle-cached --loc=lib
[WRN][1731025125.3686614037] /home/arrowboy/antigen.zsh:1498
[WRN][1731025125.3686614037] Replace hook: antigen-bundle-parallel --loc=lib
[TRA][1731025125.3686909676] /home/arrowboy/.zshrc:1748
[TRA][1731025125.3686909676] antigen-bundle-parallel: --loc=lib PARALLEL
[TRA][1731025125.3686909676] TRACE
antigen-bundle-parallel
-antigen-hook-handler
antigen-bundle
antigen-apply-defer
-antigen-hook-handler
antigen-apply
-antigen-hook-antigen
-antigen-hook-handler
antigen
/home/arrowboy/.zshrc
[WRN][1731025125.3687338829] /home/arrowboy/antigen.zsh:1509
[WRN][1731025125.3687338829] Replaced hooked function.
[LOG][1731025125.3687586784] /home/arrowboy/antigen.zsh:1518
[LOG][1731025125.3687586784] Return from hook antigen-bundle with 0
[LOG][1731025125.3687932491] /home/arrowboy/antigen.zsh:1629
[LOG][1731025125.3687932491] Processing deferred bundle: git DEFER
[WRN][1731025125.3688454628] /home/arrowboy/antigen.zsh:1469
[WRN][1731025125.3688454628] Updated meta: target antigen-bundle mode repeat type pre called 8
[WRN][1731025125.3688797951] /home/arrowboy/antigen.zsh:1469
[WRN][1731025125.3688797951] Updated meta: target antigen-bundle mode repeat type replace called 2
[WRN][1731025125.3689072132] /home/arrowboy/antigen.zsh:1484
[WRN][1731025125.3689072132] Processing hooks: antigen-bundle-cached antigen-bundle-parallel
[WRN][1731025125.3689296246] /home/arrowboy/antigen.zsh:1487
[WRN][1731025125.3689296246] Pre hook: antigen-bundle-cached git
[WRN][1731025125.3689665794] /home/arrowboy/antigen.zsh:1498
[WRN][1731025125.3689665794] Replace hook: antigen-bundle-parallel git
[TRA][1731025125.3689925671] /home/arrowboy/.zshrc:1748
[TRA][1731025125.3689925671] antigen-bundle-parallel: git PARALLEL
[TRA][1731025125.3689925671] TRACE
antigen-bundle-parallel
-antigen-hook-handler
antigen-bundle
antigen-apply-defer
-antigen-hook-handler
antigen-apply
-antigen-hook-antigen
-antigen-hook-handler
antigen
/home/arrowboy/.zshrc
[WRN][1731025125.3690247536] /home/arrowboy/antigen.zsh:1509
[WRN][1731025125.3690247536] Replaced hooked function.
[LOG][1731025125.3690483570] /home/arrowboy/antigen.zsh:1518
[LOG][1731025125.3690483570] Return from hook antigen-bundle with 0
[LOG][1731025125.3690817356] /home/arrowboy/antigen.zsh:1629
[LOG][1731025125.3690817356] Processing deferred bundle: pip DEFER
[WRN][1731025125.3691492081] /home/arrowboy/antigen.zsh:1469
[WRN][1731025125.3691492081] Updated meta: target antigen-bundle mode repeat type pre called 9
[WRN][1731025125.3691861629] /home/arrowboy/antigen.zsh:1469
[WRN][1731025125.3691861629] Updated meta: target antigen-bundle mode repeat type replace called 3
[WRN][1731025125.3692121506] /home/arrowboy/antigen.zsh:1484
[WRN][1731025125.3692121506] Processing hooks: antigen-bundle-cached antigen-bundle-parallel
[WRN][1731025125.3692348003] /home/arrowboy/antigen.zsh:1487
[WRN][1731025125.3692348003] Pre hook: antigen-bundle-cached pip
[WRN][1731025125.3692715168] /home/arrowboy/antigen.zsh:1498
[WRN][1731025125.3692715168] Replace hook: antigen-bundle-parallel pip
[TRA][1731025125.3692965508] /home/arrowboy/.zshrc:1748
[TRA][1731025125.3692965508] antigen-bundle-parallel: pip PARALLEL
[TRA][1731025125.3692965508] TRACE
antigen-bundle-parallel
-antigen-hook-handler
antigen-bundle
antigen-apply-defer
-antigen-hook-handler
antigen-apply
-antigen-hook-antigen
-antigen-hook-handler
antigen
/home/arrowboy/.zshrc
[WRN][1731025125.3693284988] /home/arrowboy/antigen.zsh:1509
[WRN][1731025125.3693284988] Replaced hooked function.
[LOG][1731025125.3693559170] /home/arrowboy/antigen.zsh:1518
[LOG][1731025125.3693559170] Return from hook antigen-bundle with 0
[LOG][1731025125.3693890572] /home/arrowboy/antigen.zsh:1629
[LOG][1731025125.3693890572] Processing deferred bundle: dnf DEFER
[WRN][1731025125.3694496155] /home/arrowboy/antigen.zsh:1469
[WRN][1731025125.3694496155] Updated meta: target antigen-bundle mode repeat type pre called 10
[WRN][1731025125.3694889545] /home/arrowboy/antigen.zsh:1469
[WRN][1731025125.3694889545] Updated meta: target antigen-bundle mode repeat type replace called 4
[WRN][1731025125.3695161343] /home/arrowboy/antigen.zsh:1484
[WRN][1731025125.3695161343] Processing hooks: antigen-bundle-cached antigen-bundle-parallel
[WRN][1731025125.3695447445] /home/arrowboy/antigen.zsh:1487
[WRN][1731025125.3695447445] Pre hook: antigen-bundle-cached dnf
[WRN][1731025125.3695957661] /home/arrowboy/antigen.zsh:1498
[WRN][1731025125.3695957661] Replace hook: antigen-bundle-parallel dnf
[TRA][1731025125.3696324825] /home/arrowboy/.zshrc:1748
[TRA][1731025125.3696324825] antigen-bundle-parallel: dnf PARALLEL
[TRA][1731025125.3696324825] TRACE
antigen-bundle-parallel
-antigen-hook-handler
antigen-bundle
antigen-apply-defer
-antigen-hook-handler
antigen-apply
-antigen-hook-antigen
-antigen-hook-handler
antigen
/home/arrowboy/.zshrc
[WRN][1731025125.3696858883] /home/arrowboy/antigen.zsh:1509
[WRN][1731025125.3696858883] Replaced hooked function.
[LOG][1731025125.3697204590] /home/arrowboy/antigen.zsh:1518
[LOG][1731025125.3697204590] Return from hook antigen-bundle with 0
[LOG][1731025125.3697667122] /home/arrowboy/antigen.zsh:1629
[LOG][1731025125.3697667122] Processing deferred bundle: autosuggestions DEFER
[WRN][1731025125.3698284626] /home/arrowboy/antigen.zsh:1469
[WRN][1731025125.3698284626] Updated meta: target antigen-bundle mode repeat type pre called 11
[WRN][1731025125.3698651791] /home/arrowboy/antigen.zsh:1469
[WRN][1731025125.3698651791] Updated meta: target antigen-bundle mode repeat type replace called 5
[WRN][1731025125.3698914051] /home/arrowboy/antigen.zsh:1484
[WRN][1731025125.3698914051] Processing hooks: antigen-bundle-cached antigen-bundle-parallel
[WRN][1731025125.3699138165] /home/arrowboy/antigen.zsh:1487
[WRN][1731025125.3699138165] Pre hook: antigen-bundle-cached autosuggestions
[WRN][1731025125.3699519634] /home/arrowboy/antigen.zsh:1498
[WRN][1731025125.3699519634] Replace hook: antigen-bundle-parallel autosuggestions
[TRA][1731025125.3699779510] /home/arrowboy/.zshrc:1748
[TRA][1731025125.3699779510] antigen-bundle-parallel: autosuggestions PARALLEL
[TRA][1731025125.3699779510] TRACE
antigen-bundle-parallel
-antigen-hook-handler
antigen-bundle
antigen-apply-defer
-antigen-hook-handler
antigen-apply
-antigen-hook-antigen
-antigen-hook-handler
antigen
/home/arrowboy/.zshrc
[WRN][1731025125.3700113297] /home/arrowboy/antigen.zsh:1509
[WRN][1731025125.3700113297] Replaced hooked function.
[LOG][1731025125.3700349331] /home/arrowboy/antigen.zsh:1518
[LOG][1731025125.3700349331] Return from hook antigen-bundle with 0
[LOG][1731025125.3700671196] /home/arrowboy/antigen.zsh:1629
[LOG][1731025125.3700671196] Processing deferred bundle: zsh-users/zsh-syntax-highlighting DEFER
[WRN][1731025125.3701312542] /home/arrowboy/antigen.zsh:1469
[WRN][1731025125.3701312542] Updated meta: target antigen-bundle mode repeat type pre called 12
[WRN][1731025125.3701703548] /home/arrowboy/antigen.zsh:1469
[WRN][1731025125.3701703548] Updated meta: target antigen-bundle mode repeat type replace called 6
[WRN][1731025125.3701965809] /home/arrowboy/antigen.zsh:1484
[WRN][1731025125.3701965809] Processing hooks: antigen-bundle-cached antigen-bundle-parallel
[WRN][1731025125.3702189922] /home/arrowboy/antigen.zsh:1487
[WRN][1731025125.3702189922] Pre hook: antigen-bundle-cached zsh-users/zsh-syntax-highlighting
[WRN][1731025125.3702571392] /home/arrowboy/antigen.zsh:1498
[WRN][1731025125.3702571392] Replace hook: antigen-bundle-parallel zsh-users/zsh-syntax-highlighting
[TRA][1731025125.3702843189] /home/arrowboy/.zshrc:1748
[TRA][1731025125.3702843189] antigen-bundle-parallel: zsh-users/zsh-syntax-highlighting PARALLEL
[TRA][1731025125.3702843189] TRACE
antigen-bundle-parallel
-antigen-hook-handler
antigen-bundle
antigen-apply-defer
-antigen-hook-handler
antigen-apply
-antigen-hook-antigen
-antigen-hook-handler
antigen
/home/arrowboy/.zshrc
[WRN][1731025125.3703174591] /home/arrowboy/antigen.zsh:1509
[WRN][1731025125.3703174591] Replaced hooked function.
[LOG][1731025125.3703424931] /home/arrowboy/antigen.zsh:1518
[LOG][1731025125.3703424931] Return from hook antigen-bundle with 0
[WRN][1731025125.3703875542] /home/arrowboy/antigen.zsh:1498
[WRN][1731025125.3703875542] Replace hook: antigen-apply-parallel-execute
[WRN][1731025125.3704137802] /home/arrowboy/antigen.zsh:1756
[WRN][1731025125.3704137802] Parallel replace-apply PARALLEL REPLACE-APPLY
[WRN][1731025125.3704719543] /home/arrowboy/antigen.zsh:1695
[WRN][1731025125.3704719543] Parallel antigen-bundle-parallel-execute PARALLEL
[WRN][1731025125.3704991341] /home/arrowboy/antigen.zsh:1699
[WRN][1731025125.3704991341] Gonna install in parallel 6 bundles. PARALLEL
[WRN][1731025125.3705277443] /home/arrowboy/antigen.zsh:1701
[WRN][1731025125.3705277443] --loc=lib git pip dnf autosuggestions zsh-users/zsh-syntax-highlighting PARALLEL
[WRN][1731025125.3707377911] /home/arrowboy/antigen.zsh:1715
[WRN][1731025125.3707377911] Bundle robbyrussell/oh-my-zsh already cloned locally. PARALLEL
[WRN][1731025125.3708934784] /home/arrowboy/antigen.zsh:1715
[WRN][1731025125.3708934784] Bundle robbyrussell/oh-my-zsh already cloned locally. PARALLEL
[WRN][1731025125.3710334301] /home/arrowboy/antigen.zsh:1715
[WRN][1731025125.3710334301] Bundle robbyrussell/oh-my-zsh already cloned locally. PARALLEL
[WRN][1731025125.3711819649] /home/arrowboy/antigen.zsh:1715
[WRN][1731025125.3711819649] Bundle robbyrussell/oh-my-zsh already cloned locally. PARALLEL
[WRN][1731025125.3713159561] /home/arrowboy/antigen.zsh:1715
[WRN][1731025125.3713159561] Bundle robbyrussell/oh-my-zsh already cloned locally. PARALLEL
[WRN][1731025125.3714561462] /home/arrowboy/antigen.zsh:1715
[WRN][1731025125.3714561462] Bundle zsh-users/zsh-syntax-highlighting already cloned locally. PARALLEL
[WRN][1731025125.3715405464] /home/arrowboy/antigen.zsh:1469
[WRN][1731025125.3715405464] Updated meta: target antigen-bundle mode repeat type pre called 13
[WRN][1731025125.3715736866] /home/arrowboy/antigen.zsh:1484
[WRN][1731025125.3715736866] Processing hooks: antigen-bundle-cached
[WRN][1731025125.3715987206] /home/arrowboy/antigen.zsh:1487
[WRN][1731025125.3715987206] Pre hook: antigen-bundle-cached --loc=lib
[WRN][1731025125.3716366291] /home/arrowboy/antigen.zsh:1505
[WRN][1731025125.3716366291] -antigen-hook-antigen-bundle --loc=lib
[TRA][1731025125.3716661930] /home/arrowboy/antigen.zsh:1438
[TRA][1731025125.3716661930] Called antigen-bundle with --loc=lib BUNDLE
[TRA][1731025125.3716661930] TRACE
-antigen-hook-antigen-bundle
-antigen-hook-handler
antigen-bundle
antigen-bundle-parallel-execute
antigen-apply-parallel-execute
-antigen-hook-handler
antigen-apply
-antigen-hook-antigen
-antigen-hook-handler
antigen
/home/arrowboy/.zshrc
[WRN][1731025125.3719868660] /home/arrowboy/antigen.zsh:1469
[WRN][1731025125.3719868660] Updated meta: target -antigen-load-env mode repeat type replace called 1
[WRN][1731025125.3720259666] /home/arrowboy/antigen.zsh:1484
[WRN][1731025125.3720259666] Processing hooks: -antigen-load-env-cached
[WRN][1731025125.3720605373] /home/arrowboy/antigen.zsh:1498
[WRN][1731025125.3720605373] Replace hook: -antigen-load-env-cached dir /home/arrowboy/.antigen/bundles/robbyrussell/oh-my-zsh btype plugin url https://github.com/robbyrussell/oh-my-zsh.git loc lib name robbyrussell/oh-my-zsh make_local_clone true
[WRN][1731025125.3721294403] /home/arrowboy/antigen.zsh:1509
[WRN][1731025125.3721294403] Replaced hooked function.
[LOG][1731025125.3721566200] /home/arrowboy/antigen.zsh:1518
[LOG][1731025125.3721566200] Return from hook -antigen-load-env with 0
[WRN][1731025125.3722481728] /home/arrowboy/antigen.zsh:1469
[WRN][1731025125.3722481728] Updated meta: target -antigen-load-source mode repeat type replace called 1
[WRN][1731025125.3722777367] /home/arrowboy/antigen.zsh:1484
[WRN][1731025125.3722777367] Processing hooks: -antigen-load-source-cached
[WRN][1731025125.3723156452] /home/arrowboy/antigen.zsh:1498
[WRN][1731025125.3723156452] Replace hook: -antigen-load-source-cached /home/arrowboy/.antigen/bundles/robbyrussell/oh-my-zsh/lib/async_prompt.zsh /home/arrowboy/.antigen/bundles/robbyrussell/oh-my-zsh/lib/bzr.zsh /home/arrowboy/.antigen/bundles/robbyrussell/oh-my-zsh/lib/clipboard.zsh /home/arrowboy/.antigen/bundles/robbyrussell/oh-my-zsh/lib/cli.zsh /home/arrowboy/.antigen/bundles/robbyrussell/oh-my-zsh/lib/compfix.zsh /home/arrowboy/.antigen/bundles/robbyrussell/oh-my-zsh/lib/completion.zsh /home/arrowboy/.antigen/bundles/robbyrussell/oh-my-zsh/lib/correction.zsh /home/arrowboy/.antigen/bundles/robbyrussell/oh-my-zsh/lib/diagnostics.zsh /home/arrowboy/.antigen/bundles/robbyrussell/oh-my-zsh/lib/directories.zsh /home/arrowboy/.antigen/bundles/robbyrussell/oh-my-zsh/lib/functions.zsh /home/arrowboy/.antigen/bundles/robbyrussell/oh-my-zsh/lib/git.zsh /home/arrowboy/.antigen/bundles/robbyrussell/oh-my-zsh/lib/grep.zsh /home/arrowboy/.antigen/bundles/robbyrussell/oh-my-zsh/lib/history.zsh /home/arrowboy/.antigen/bundles/robbyrussell/oh-my-zsh/lib/key-bindings.zsh /home/arrowboy/.antigen/bundles/robbyrussell/oh-my-zsh/lib/misc.zsh /home/arrowboy/.antigen/bundles/robbyrussell/oh-my-zsh/lib/nvm.zsh /home/arrowboy/.antigen/bundles/robbyrussell/oh-my-zsh/lib/prompt_info_functions.zsh /home/arrowboy/.antigen/bundles/robbyrussell/oh-my-zsh/lib/spectrum.zsh /home/arrowboy/.antigen/bundles/robbyrussell/oh-my-zsh/lib/termsupport.zsh /home/arrowboy/.antigen/bundles/robbyrussell/oh-my-zsh/lib/theme-and-appearance.zsh /home/arrowboy/.antigen/bundles/robbyrussell/oh-my-zsh/lib/vcs_info.zsh
[WRN][1731025125.3723881245] /home/arrowboy/antigen.zsh:1509
[WRN][1731025125.3723881245] Replaced hooked function.
[LOG][1731025125.3724155426] /home/arrowboy/antigen.zsh:1518
[LOG][1731025125.3724155426] Return from hook -antigen-load-source with 0
[LOG][1731025125.3724677563] /home/arrowboy/antigen.zsh:1518
[LOG][1731025125.3724677563] Return from hook antigen-bundle with 0
[WRN][1731025125.3725366592] /home/arrowboy/antigen.zsh:1469
[WRN][1731025125.3725366592] Updated meta: target antigen-bundle mode repeat type pre called 14
[WRN][1731025125.3725650311] /home/arrowboy/antigen.zsh:1484
[WRN][1731025125.3725650311] Processing hooks: antigen-bundle-cached
[WRN][1731025125.3725912571] /home/arrowboy/antigen.zsh:1487
[WRN][1731025125.3725912571] Pre hook: antigen-bundle-cached git
[WRN][1731025125.3726351261] /home/arrowboy/antigen.zsh:1505
[WRN][1731025125.3726351261] -antigen-hook-antigen-bundle git
[TRA][1731025125.3726634979] /home/arrowboy/antigen.zsh:1438
[TRA][1731025125.3726634979] Called antigen-bundle with git BUNDLE
[TRA][1731025125.3726634979] TRACE
-antigen-hook-antigen-bundle
-antigen-hook-handler
antigen-bundle
antigen-bundle-parallel-execute
antigen-apply-parallel-execute
-antigen-hook-handler
antigen-apply
-antigen-hook-antigen
-antigen-hook-handler
antigen
/home/arrowboy/.zshrc
[WRN][1731025125.3729438782] /home/arrowboy/antigen.zsh:1469
[WRN][1731025125.3729438782] Updated meta: target -antigen-load-env mode repeat type replace called 2
[WRN][1731025125.3729805946] /home/arrowboy/antigen.zsh:1484
[WRN][1731025125.3729805946] Processing hooks: -antigen-load-env-cached
[WRN][1731025125.3730149269] /home/arrowboy/antigen.zsh:1498
[WRN][1731025125.3730149269] Replace hook: -antigen-load-env-cached dir /home/arrowboy/.antigen/bundles/robbyrussell/oh-my-zsh btype plugin url https://github.com/robbyrussell/oh-my-zsh.git loc plugins/git name robbyrussell/oh-my-zsh make_local_clone true
[WRN][1731025125.3730778694] /home/arrowboy/antigen.zsh:1509
[WRN][1731025125.3730778694] Replaced hooked function.
[LOG][1731025125.3731064796] /home/arrowboy/antigen.zsh:1518
[LOG][1731025125.3731064796] Return from hook -antigen-load-env with 0
[WRN][1731025125.3731930256] /home/arrowboy/antigen.zsh:1469
[WRN][1731025125.3731930256] Updated meta: target -antigen-load-source mode repeat type replace called 2
[WRN][1731025125.3732383251] /home/arrowboy/antigen.zsh:1484
[WRN][1731025125.3732383251] Processing hooks: -antigen-load-source-cached
[WRN][1731025125.3732726574] /home/arrowboy/antigen.zsh:1498
[WRN][1731025125.3732726574] Replace hook: -antigen-load-source-cached /home/arrowboy/.antigen/bundles/robbyrussell/oh-my-zsh/plugins/git/git.plugin.zsh
[WRN][1731025125.3733105659] /home/arrowboy/antigen.zsh:1509
[WRN][1731025125.3733105659] Replaced hooked function.
[LOG][1731025125.3733367920] /home/arrowboy/antigen.zsh:1518
[LOG][1731025125.3733367920] Return from hook -antigen-load-source with 0
[LOG][1731025125.3734116554] /home/arrowboy/antigen.zsh:1518
[LOG][1731025125.3734116554] Return from hook antigen-bundle with 0
[WRN][1731025125.3735160828] /home/arrowboy/antigen.zsh:1469
[WRN][1731025125.3735160828] Updated meta: target antigen-bundle mode repeat type pre called 15
[WRN][1731025125.3735873699] /home/arrowboy/antigen.zsh:1484
[WRN][1731025125.3735873699] Processing hooks: antigen-bundle-cached
[WRN][1731025125.3736870289] /home/arrowboy/antigen.zsh:1487
[WRN][1731025125.3736870289] Pre hook: antigen-bundle-cached pip
[WRN][1731025125.3738164902] /home/arrowboy/antigen.zsh:1505
[WRN][1731025125.3738164902] -antigen-hook-antigen-bundle pip
[TRA][1731025125.3739078045] /home/arrowboy/antigen.zsh:1438
[TRA][1731025125.3739078045] Called antigen-bundle with pip BUNDLE
[TRA][1731025125.3739078045] TRACE
-antigen-hook-antigen-bundle
-antigen-hook-handler
antigen-bundle
antigen-bundle-parallel-execute
antigen-apply-parallel-execute
-antigen-hook-handler
antigen-apply
-antigen-hook-antigen
-antigen-hook-handler
antigen
/home/arrowboy/.zshrc
[WRN][1731025125.3743412495] /home/arrowboy/antigen.zsh:1469
[WRN][1731025125.3743412495] Updated meta: target -antigen-load-env mode repeat type replace called 3
[WRN][1731025125.3743898869] /home/arrowboy/antigen.zsh:1484
[WRN][1731025125.3743898869] Processing hooks: -antigen-load-env-cached
[WRN][1731025125.3744277954] /home/arrowboy/antigen.zsh:1498
[WRN][1731025125.3744277954] Replace hook: -antigen-load-env-cached dir /home/arrowboy/.antigen/bundles/robbyrussell/oh-my-zsh btype plugin url https://github.com/robbyrussell/oh-my-zsh.git loc plugins/pip name robbyrussell/oh-my-zsh make_local_clone true
[WRN][1731025125.3744812012] /home/arrowboy/antigen.zsh:1509
[WRN][1731025125.3744812012] Replaced hooked function.
[LOG][1731025125.3745074272] /home/arrowboy/antigen.zsh:1518
[LOG][1731025125.3745074272] Return from hook -antigen-load-env with 0
[WRN][1731025125.3745810986] /home/arrowboy/antigen.zsh:1469
[WRN][1731025125.3745810986] Updated meta: target -antigen-load-source mode repeat type replace called 3
[WRN][1731025125.3746106625] /home/arrowboy/antigen.zsh:1484
[WRN][1731025125.3746106625] Processing hooks: -antigen-load-source-cached
[WRN][1731025125.3746404648] /home/arrowboy/antigen.zsh:1498
[WRN][1731025125.3746404648] Replace hook: -antigen-load-source-cached /home/arrowboy/.antigen/bundles/robbyrussell/oh-my-zsh/plugins/pip/pip.plugin.zsh
[WRN][1731025125.3746759892] /home/arrowboy/antigen.zsh:1509
[WRN][1731025125.3746759892] Replaced hooked function.
[LOG][1731025125.3747010231] /home/arrowboy/antigen.zsh:1518
[LOG][1731025125.3747010231] Return from hook -antigen-load-source with 0
[LOG][1731025125.3747508526] /home/arrowboy/antigen.zsh:1518
[LOG][1731025125.3747508526] Return from hook antigen-bundle with 0
[WRN][1731025125.3748338223] /home/arrowboy/antigen.zsh:1469
[WRN][1731025125.3748338223] Updated meta: target antigen-bundle mode repeat type pre called 16
[WRN][1731025125.3748648167] /home/arrowboy/antigen.zsh:1484
[WRN][1731025125.3748648167] Processing hooks: antigen-bundle-cached
[WRN][1731025125.3748884201] /home/arrowboy/antigen.zsh:1487
[WRN][1731025125.3748884201] Pre hook: antigen-bundle-cached dnf
[WRN][1731025125.3749349117] /home/arrowboy/antigen.zsh:1505
[WRN][1731025125.3749349117] -antigen-hook-antigen-bundle dnf
[TRA][1731025125.3749692440] /home/arrowboy/antigen.zsh:1438
[TRA][1731025125.3749692440] Called antigen-bundle with dnf BUNDLE
[TRA][1731025125.3749692440] TRACE
-antigen-hook-antigen-bundle
-antigen-hook-handler
antigen-bundle
antigen-bundle-parallel-execute
antigen-apply-parallel-execute
-antigen-hook-handler
antigen-apply
-antigen-hook-antigen
-antigen-hook-handler
antigen
/home/arrowboy/.zshrc
[WRN][1731025125.3752708435] /home/arrowboy/antigen.zsh:1469
[WRN][1731025125.3752708435] Updated meta: target -antigen-load-env mode repeat type replace called 4
[WRN][1731025125.3753075600] /home/arrowboy/antigen.zsh:1484
[WRN][1731025125.3753075600] Processing hooks: -antigen-load-env-cached
[WRN][1731025125.3753457069] /home/arrowboy/antigen.zsh:1498
[WRN][1731025125.3753457069] Replace hook: -antigen-load-env-cached dir /home/arrowboy/.antigen/bundles/robbyrussell/oh-my-zsh btype plugin url https://github.com/robbyrussell/oh-my-zsh.git loc plugins/dnf name robbyrussell/oh-my-zsh make_local_clone true
[WRN][1731025125.3754038811] /home/arrowboy/antigen.zsh:1509
[WRN][1731025125.3754038811] Replaced hooked function.
[LOG][1731025125.3754286766] /home/arrowboy/antigen.zsh:1518
[LOG][1731025125.3754286766] Return from hook -antigen-load-env with 0
[WRN][1731025125.3754963875] /home/arrowboy/antigen.zsh:1469
[WRN][1731025125.3754963875] Updated meta: target -antigen-load-source mode repeat type replace called 4
[WRN][1731025125.3755261898] /home/arrowboy/antigen.zsh:1484
[WRN][1731025125.3755261898] Processing hooks: -antigen-load-source-cached
[WRN][1731025125.3755545616] /home/arrowboy/antigen.zsh:1498
[WRN][1731025125.3755545616] Replace hook: -antigen-load-source-cached /home/arrowboy/.antigen/bundles/robbyrussell/oh-my-zsh/plugins/dnf/dnf.plugin.zsh
[WRN][1731025125.3755888939] /home/arrowboy/antigen.zsh:1509
[WRN][1731025125.3755888939] Replaced hooked function.
[LOG][1731025125.3756139278] /home/arrowboy/antigen.zsh:1518
[LOG][1731025125.3756139278] Return from hook -antigen-load-source with 0
[LOG][1731025125.3756637573] /home/arrowboy/antigen.zsh:1518
[LOG][1731025125.3756637573] Return from hook antigen-bundle with 0
[WRN][1731025125.3757314682] /home/arrowboy/antigen.zsh:1469
[WRN][1731025125.3757314682] Updated meta: target antigen-bundle mode repeat type pre called 17
[WRN][1731025125.3757600784] /home/arrowboy/antigen.zsh:1484
[WRN][1731025125.3757600784] Processing hooks: antigen-bundle-cached
[WRN][1731025125.3757824898] /home/arrowboy/antigen.zsh:1487
[WRN][1731025125.3757824898] Pre hook: antigen-bundle-cached autosuggestions
[WRN][1731025125.3758182526] /home/arrowboy/antigen.zsh:1505
[WRN][1731025125.3758182526] -antigen-hook-antigen-bundle autosuggestions
[TRA][1731025125.3758454323] /home/arrowboy/antigen.zsh:1438
[TRA][1731025125.3758454323] Called antigen-bundle with autosuggestions BUNDLE
[TRA][1731025125.3758454323] TRACE
-antigen-hook-antigen-bundle
-antigen-hook-handler
antigen-bundle
antigen-bundle-parallel-execute
antigen-apply-parallel-execute
-antigen-hook-handler
antigen-apply
-antigen-hook-antigen
-antigen-hook-handler
antigen
/home/arrowboy/.zshrc
[WRN][1731025125.3760817051] /home/arrowboy/antigen.zsh:1469
[WRN][1731025125.3760817051] Updated meta: target -antigen-load-env mode repeat type replace called 5
[WRN][1731025125.3761243820] /home/arrowboy/antigen.zsh:1484
[WRN][1731025125.3761243820] Processing hooks: -antigen-load-env-cached
[WRN][1731025125.3761589527] /home/arrowboy/antigen.zsh:1498
[WRN][1731025125.3761589527] Replace hook: -antigen-load-env-cached dir /home/arrowboy/.antigen/bundles/robbyrussell/oh-my-zsh btype plugin url https://github.com/robbyrussell/oh-my-zsh.git loc plugins/autosuggestions name robbyrussell/oh-my-zsh make_local_clone true
[WRN][1731025125.3762099743] /home/arrowboy/antigen.zsh:1509
[WRN][1731025125.3762099743] Replaced hooked function.
[LOG][1731025125.3762347698] /home/arrowboy/antigen.zsh:1518
[LOG][1731025125.3762347698] Return from hook -antigen-load-env with 0
[WRN][1731025125.3763000965] /home/arrowboy/antigen.zsh:1469
[WRN][1731025125.3763000965] Updated meta: target -antigen-load-source mode repeat type replace called 5
[WRN][1731025125.3763287067] /home/arrowboy/antigen.zsh:1484
[WRN][1731025125.3763287067] Processing hooks: -antigen-load-source-cached
[WRN][1731025125.3763570786] /home/arrowboy/antigen.zsh:1498
[WRN][1731025125.3763570786] Replace hook: -antigen-load-source-cached
[WRN][1731025125.3763904572] /home/arrowboy/antigen.zsh:1509
[WRN][1731025125.3763904572] Replaced hooked function.
[LOG][1731025125.3764140606] /home/arrowboy/antigen.zsh:1518
[LOG][1731025125.3764140606] Return from hook -antigen-load-source with 0
[LOG][1731025125.3764629364] /home/arrowboy/antigen.zsh:1518
[LOG][1731025125.3764629364] Return from hook antigen-bundle with 0
[WRN][1731025125.3765268326] /home/arrowboy/antigen.zsh:1469
[WRN][1731025125.3765268326] Updated meta: target antigen-bundle mode repeat type pre called 18
[WRN][1731025125.3765554428] /home/arrowboy/antigen.zsh:1484
[WRN][1731025125.3765554428] Processing hooks: antigen-bundle-cached
[WRN][1731025125.3765850067] /home/arrowboy/antigen.zsh:1487
[WRN][1731025125.3765850067] Pre hook: antigen-bundle-cached zsh-users/zsh-syntax-highlighting
[WRN][1731025125.3766219616] /home/arrowboy/antigen.zsh:1505
[WRN][1731025125.3766219616] -antigen-hook-antigen-bundle zsh-users/zsh-syntax-highlighting
[TRA][1731025125.3766479492] /home/arrowboy/antigen.zsh:1438
[TRA][1731025125.3766479492] Called antigen-bundle with zsh-users/zsh-syntax-highlighting BUNDLE
[TRA][1731025125.3766479492] TRACE
-antigen-hook-antigen-bundle
-antigen-hook-handler
antigen-bundle
antigen-bundle-parallel-execute
antigen-apply-parallel-execute
-antigen-hook-handler
antigen-apply
-antigen-hook-antigen
-antigen-hook-handler
antigen
/home/arrowboy/.zshrc
[WRN][1731025125.3768961430] /home/arrowboy/antigen.zsh:1469
[WRN][1731025125.3768961430] Updated meta: target -antigen-load-env mode repeat type replace called 6
[WRN][1731025125.3769307137] /home/arrowboy/antigen.zsh:1484
[WRN][1731025125.3769307137] Processing hooks: -antigen-load-env-cached
[WRN][1731025125.3769626617] /home/arrowboy/antigen.zsh:1498
[WRN][1731025125.3769626617] Replace hook: -antigen-load-env-cached dir /home/arrowboy/.antigen/bundles/zsh-users/zsh-syntax-highlighting btype plugin url https://github.com/zsh-users/zsh-syntax-highlighting.git loc / name zsh-users/zsh-syntax-highlighting make_local_clone true
[WRN][1731025125.3770136833] /home/arrowboy/antigen.zsh:1509
[WRN][1731025125.3770136833] Replaced hooked function.
[LOG][1731025125.3770387173] /home/arrowboy/antigen.zsh:1518
[LOG][1731025125.3770387173] Return from hook -antigen-load-env with 0
[WRN][1731025125.3771040440] /home/arrowboy/antigen.zsh:1469
[WRN][1731025125.3771040440] Updated meta: target -antigen-load-source mode repeat type replace called 6
[WRN][1731025125.3771655560] /home/arrowboy/antigen.zsh:1484
[WRN][1731025125.3771655560] Processing hooks: -antigen-load-source-cached
[WRN][1731025125.3771953583] /home/arrowboy/antigen.zsh:1498
[WRN][1731025125.3771953583] Replace hook: -antigen-load-source-cached /home/arrowboy/.antigen/bundles/zsh-users/zsh-syntax-highlighting///zsh-syntax-highlighting.plugin.zsh
[WRN][1731025125.3772308826] /home/arrowboy/antigen.zsh:1509
[WRN][1731025125.3772308826] Replaced hooked function.
[LOG][1731025125.3772547245] /home/arrowboy/antigen.zsh:1518
[LOG][1731025125.3772547245] Return from hook -antigen-load-source with 0
[LOG][1731025125.3773033619] /home/arrowboy/antigen.zsh:1518
[LOG][1731025125.3773033619] Return from hook antigen-bundle with 0
[WRN][1731025125.3773367405] /home/arrowboy/antigen.zsh:1739
[WRN][1731025125.3773367405] Parallel install done PARALLEL
[WRN][1731025125.3774363995] /home/arrowboy/antigen.zsh:1462
[WRN][1731025125.3774363995] Ignoring hook due to mode once: antigen-apply-lock
[WRN][1731025125.3774683475] /home/arrowboy/antigen.zsh:1462
[WRN][1731025125.3774683475] Ignoring hook due to mode once: antigen-apply-parallel
[WRN][1731025125.3774969578] /home/arrowboy/antigen.zsh:1462
[WRN][1731025125.3774969578] Ignoring hook due to mode once: antigen-apply-defer
[WRN][1731025125.3775253296] /home/arrowboy/antigen.zsh:1462
[WRN][1731025125.3775253296] Ignoring hook due to mode once: antigen-apply-cached
[WRN][1731025125.3775491714] /home/arrowboy/antigen.zsh:1484
[WRN][1731025125.3775491714] Processing hooks: antigen-apply-lock antigen-apply-parallel antigen-apply-defer antigen-apply-cached
[WRN][1731025125.3775751591] /home/arrowboy/antigen.zsh:1505
[WRN][1731025125.3775751591] -antigen-hook-antigen-apply 
[LOG][1731025125.3776025772] /home/arrowboy/antigen.zsh:1438
[LOG][1731025125.3776025772] Called antigen-apply
[TRA][1731025125.3776252270] /home/arrowboy/antigen.zsh:1439
[TRA][1731025125.3776252270] Gonna create compdump file @ apply COMPDUMP
[TRA][1731025125.3776252270] TRACE
-antigen-hook-antigen-apply
-antigen-hook-handler
antigen-apply
antigen-apply-parallel-execute
-antigen-hook-handler
antigen-apply
-antigen-hook-antigen
-antigen-hook-handler
antigen
/home/arrowboy/.zshrc
[LOG][1731025125.5430111885] /home/arrowboy/antigen.zsh:1518
[LOG][1731025125.5430111885] Return from hook antigen-apply with 0
[WRN][1731025125.5431513786] /home/arrowboy/antigen.zsh:1509
[WRN][1731025125.5431513786] Replaced hooked function.
[WRN][1731025125.5431892872] /home/arrowboy/antigen.zsh:1513
[WRN][1731025125.5431892872] Post hook: antigen-apply-lock
[WRN][1731025125.5432262421] /home/arrowboy/antigen.zsh:1676
[WRN][1731025125.5432262421] Freeing antigen-lock file at /home/arrowboy/.antigen/.lock
[WRN][1731025125.5451519489] /home/arrowboy/antigen.zsh:1513
[WRN][1731025125.5451519489] Post hook: antigen-apply-cached
[LOG][1731025125.5452659130] /home/arrowboy/antigen.zsh:1893
[LOG][1731025125.5452659130] TRACE: /home/arrowboy/antigen.zsh:1514 /home/arrowboy/antigen.zsh:1441 /home/arrowboy/antigen.zsh:1447 /home/arrowboy/antigen.zsh:1506 /home/arrowboy/antigen.zsh:1441 /home/arrowboy/.zshrc:21 zsh:0
[LOG][1731025125.5457289219] /home/arrowboy/antigen.zsh:1787
[LOG][1731025125.5457289219] Gonna generate cache for /home/arrowboy/.antigen/bundles/robbyrussell/oh-my-zsh/lib /home/arrowboy/.antigen/bundles/robbyrussell/oh-my-zsh/lib/async_prompt.zsh /home/arrowboy/.antigen/bundles/robbyrussell/oh-my-zsh/lib/bzr.zsh /home/arrowboy/.antigen/bundles/robbyrussell/oh-my-zsh/lib/clipboard.zsh /home/arrowboy/.antigen/bundles/robbyrussell/oh-my-zsh/lib/cli.zsh /home/arrowboy/.antigen/bundles/robbyrussell/oh-my-zsh/lib/compfix.zsh /home/arrowboy/.antigen/bundles/robbyrussell/oh-my-zsh/lib/completion.zsh /home/arrowboy/.antigen/bundles/robbyrussell/oh-my-zsh/lib/correction.zsh /home/arrowboy/.antigen/bundles/robbyrussell/oh-my-zsh/lib/diagnostics.zsh /home/arrowboy/.antigen/bundles/robbyrussell/oh-my-zsh/lib/directories.zsh /home/arrowboy/.antigen/bundles/robbyrussell/oh-my-zsh/lib/functions.zsh /home/arrowboy/.antigen/bundles/robbyrussell/oh-my-zsh/lib/git.zsh /home/arrowboy/.antigen/bundles/robbyrussell/oh-my-zsh/lib/grep.zsh /home/arrowboy/.antigen/bundles/robbyrussell/oh-my-zsh/lib/history.zsh /home/arrowboy/.antigen/bundles/robbyrussell/oh-my-zsh/lib/key-bindings.zsh /home/arrowboy/.antigen/bundles/robbyrussell/oh-my-zsh/lib/misc.zsh /home/arrowboy/.antigen/bundles/robbyrussell/oh-my-zsh/lib/nvm.zsh /home/arrowboy/.antigen/bundles/robbyrussell/oh-my-zsh/lib/prompt_info_functions.zsh /home/arrowboy/.antigen/bundles/robbyrussell/oh-my-zsh/lib/spectrum.zsh /home/arrowboy/.antigen/bundles/robbyrussell/oh-my-zsh/lib/termsupport.zsh /home/arrowboy/.antigen/bundles/robbyrussell/oh-my-zsh/lib/theme-and-appearance.zsh /home/arrowboy/.antigen/bundles/robbyrussell/oh-my-zsh/lib/vcs_info.zsh /home/arrowboy/.antigen/bundles/robbyrussell/oh-my-zsh/plugins/git /home/arrowboy/.antigen/bundles/robbyrussell/oh-my-zsh/plugins/git/git.plugin.zsh /home/arrowboy/.antigen/bundles/robbyrussell/oh-my-zsh/plugins/pip /home/arrowboy/.antigen/bundles/robbyrussell/oh-my-zsh/plugins/pip/pip.plugin.zsh /home/arrowboy/.antigen/bundles/robbyrussell/oh-my-zsh/plugins/dnf /home/arrowboy/.antigen/bundles/robbyrussell/oh-my-zsh/plugins/dnf/dnf.plugin.zsh /home/arrowboy/.antigen/bundles/robbyrussell/oh-my-zsh/plugins/autosuggestions /home/arrowboy/.antigen/bundles/zsh-users/zsh-syntax-highlighting// /home/arrowboy/.antigen/bundles/zsh-users/zsh-syntax-highlighting///zsh-syntax-highlighting.plugin.zsh
[LOG][1731025125.5503628254] /home/arrowboy/antigen.zsh:1844
[LOG][1731025125.5503628254] CHECK_FILES /home/arrowboy/.zshrc /home/arrowboy/.zshrc
[LOG][1731025125.5819213390] /home/arrowboy/antigen.zsh:1518
[LOG][1731025125.5819213390] Return from hook antigen-apply with 0
[LOG][1731025125.5820946693] /home/arrowboy/antigen.zsh:1518
[LOG][1731025125.5820946693] Return from hook antigen with 0
